indicatorId,geoUnit,year,value,qualifier,magnitude
EXPGDP.TOT,ARE,2020,1.48831,,
EXPGDP.TOT,ARE,2021,1.49469,,
EXPGDP.TOT,ARG,2020,0.54126,,
EXPGDP.TOT,ARG,2021,0.52216,,
EXPGDP.TOT,ARG,2022,0.54947,,
EXPGDP.TOT,ARM,2020,0.2092,,
EXPGDP.TOT,ARM,2021,0.20557,,
EXPGDP.TOT,ARM,2022,0.20955,,
EXPGDP.TOT,ARM,2023,0.18115,,
EXPGDP.TOT,AUS,2021,1.85509,,
EXPGDP.TOT,AUT,2020,3.20278,,
EXPGDP.TOT,AUT,2021,3.26361,,
EXPGDP.TOT,AUT,2022,3.20048,,
EXPGDP.TOT,AZE,2020,0.2239,,
EXPGDP.TOT,AZE,2021,0.20836,,
EXPGDP.TOT,AZE,2022,0.1513,,
EXPGDP.TOT,AZE,2023,0.18178,,
EXPGDP.TOT,BEL,2020,3.39175,,
EXPGDP.TOT,BEL,2021,3.39239,,
EXPGDP.TOT,BEL,2022,3.40544,,
EXPGDP.TOT,BFA,2020,0.25116,,
EXPGDP.TOT,BFA,2021,0.25126,,
EXPGDP.TOT,BGR,2020,0.84967,,
EXPGDP.TOT,BGR,2021,0.77278,,
EXPGDP.TOT,BGR,2022,0.75421,,
EXPGDP.TOT,BIH,2020,0.20325,,
EXPGDP.TOT,BIH,2021,0.19035,,
EXPGDP.TOT,BIH,2022,0.18743,,
EXPGDP.TOT,BIH,2023,0.19228,,
EXPGDP.TOT,BLR,2020,0.53901,,
EXPGDP.TOT,BLR,2021,0.45981,,
EXPGDP.TOT,BLR,2022,0.47477,,
EXPGDP.TOT,BLR,2023,0.57843,,
EXPGDP.TOT,BMU,2020,0.22546,,
EXPGDP.TOT,BRA,2020,1.14526,,
EXPGDP.TOT,CAN,2020,1.93414,,
EXPGDP.TOT,CAN,2021,1.86431,,
EXPGDP.TOT,CAN,2022,1.71166,,
EXPGDP.TOT,CAN,2023,1.70133,,
EXPGDP.TOT,CHE,2021,3.30645,,
EXPGDP.TOT,CHL,2020,0.33525,,
EXPGDP.TOT,CHL,2021,0.36041,,
EXPGDP.TOT,CHN,2020,2.40666,,
EXPGDP.TOT,CHN,2021,2.4326,,
EXPGDP.TOT,CHN,2022,2.55518,,
EXPGDP.TOT,COG,2022,0.38339,,
EXPGDP.TOT,COL,2020,0.2894,,
EXPGDP.TOT,CRI,2020,0.33002,,
EXPGDP.TOT,CRI,2021,0.27385,,
EXPGDP.TOT,CRI,2022,0.33789,,
EXPGDP.TOT,CUB,2020,0.51838,,
EXPGDP.TOT,CUB,2021,0.32282,,
EXPGDP.TOT,CUB,2022,0.36012,,
EXPGDP.TOT,CYP,2020,0.83654,,
EXPGDP.TOT,CYP,2021,0.8003,,
EXPGDP.TOT,CYP,2022,0.74527,,
EXPGDP.TOT,CZE,2020,1.98599,,
EXPGDP.TOT,CZE,2021,1.99601,,
EXPGDP.TOT,CZE,2022,1.9642,,
EXPGDP.TOT,DEU,2020,3.13136,,
EXPGDP.TOT,DEU,2021,3.12882,,
EXPGDP.TOT,DEU,2022,3.13236,,
EXPGDP.TOT,DNK,2020,2.97258,,
EXPGDP.TOT,DNK,2021,2.76142,,
EXPGDP.TOT,DNK,2022,2.89051,,
EXPGDP.TOT,EGY,2020,0.91564,,
EXPGDP.TOT,EGY,2021,0.91175,,
EXPGDP.TOT,EGY,2022,1.01968,,
EXPGDP.TOT,EGY,2023,1.03356,,
EXPGDP.TOT,ESP,2020,1.4091,,
EXPGDP.TOT,ESP,2021,1.41122,,
EXPGDP.TOT,ESP,2022,1.43532,,
EXPGDP.TOT,EST,2020,1.75315,,
EXPGDP.TOT,EST,2021,1.76766,,
EXPGDP.TOT,EST,2022,1.78205,,
EXPGDP.TOT,FIN,2020,2.91243,,
EXPGDP.TOT,FIN,2021,2.9885,,
EXPGDP.TOT,FIN,2022,2.96469,,
EXPGDP.TOT,FRA,2020,2.27464,,
EXPGDP.TOT,FRA,2021,2.21808,,
EXPGDP.TOT,FRA,2022,2.23312,,
EXPGDP.TOT,GBR,2020,2.93883,,
EXPGDP.TOT,GBR,2021,2.89711,,
EXPGDP.TOT,GEO,2020,0.29765,,
EXPGDP.TOT,GEO,2021,0.24875,,
EXPGDP.TOT,GEO,2022,0.2347,,
EXPGDP.TOT,GEO,2023,0.25283,,
EXPGDP.TOT,GRC,2020,1.51149,,
EXPGDP.TOT,GRC,2021,1.45782,,
EXPGDP.TOT,GRC,2022,1.48596,,
EXPGDP.TOT,GTM,2020,0.04888,,
EXPGDP.TOT,GTM,2021,0.05863,,
EXPGDP.TOT,HKG,2020,0.99236,,
EXPGDP.TOT,HKG,2021,0.97026,,
EXPGDP.TOT,HKG,2022,1.07288,,
EXPGDP.TOT,HKG,2023,1.10339,,
EXPGDP.TOT,HRV,2020,1.22989,,
EXPGDP.TOT,HRV,2021,1.23124,,
EXPGDP.TOT,HRV,2022,1.40323,,
EXPGDP.TOT,HUN,2020,1.59252,,
EXPGDP.TOT,HUN,2021,1.64379,,
EXPGDP.TOT,HUN,2022,1.39473,,
EXPGDP.TOT,IDN,2020,0.28068,,
EXPGDP.TOT,IND,2020,0.64558,,
EXPGDP.TOT,IRL,2020,1.14551,,
EXPGDP.TOT,IRL,2021,1.11065,,
EXPGDP.TOT,IRL,2022,0.96264,,
EXPGDP.TOT,IRN,2021,0.72665,,
EXPGDP.TOT,IRQ,2020,0.04053,,
EXPGDP.TOT,IRQ,2021,0.0407,,
EXPGDP.TOT,ISL,2020,2.4864,,
EXPGDP.TOT,ISL,2021,2.77875,,
EXPGDP.TOT,ISL,2022,2.6004,,
EXPGDP.TOT,ISR,2020,5.79681,,
EXPGDP.TOT,ISR,2021,5.78276,,
EXPGDP.TOT,ISR,2022,6.01924,,
EXPGDP.TOT,ITA,2020,1.5066,,
EXPGDP.TOT,ITA,2021,1.42658,,
EXPGDP.TOT,ITA,2022,1.39014,,
EXPGDP.TOT,JPN,2020,3.26458,,
EXPGDP.TOT,JPN,2021,3.27677,,
EXPGDP.TOT,JPN,2022,3.40537,,
EXPGDP.TOT,KAZ,2020,0.12602,,
EXPGDP.TOT,KAZ,2021,0.13023,,
EXPGDP.TOT,KAZ,2022,0.11715,,
EXPGDP.TOT,KAZ,2023,0.14472,,
EXPGDP.TOT,KEN,2022,0.41019,,
EXPGDP.TOT,KEN,2023,0.80874,,
EXPGDP.TOT,KGZ,2020,0.08356,,
EXPGDP.TOT,KGZ,2021,0.07102,,
EXPGDP.TOT,KGZ,2022,0.06922,,
EXPGDP.TOT,KGZ,2023,0.05876,,
EXPGDP.TOT,KOR,2020,4.79571,,
EXPGDP.TOT,KOR,2021,4.90988,,
EXPGDP.TOT,KOR,2022,5.21081,,
EXPGDP.TOT,KWT,2020,0.1839,,
EXPGDP.TOT,KWT,2022,0.08041,,
EXPGDP.TOT,KWT,2023,0.0976,,
EXPGDP.TOT,LKA,2020,0.11616,,
EXPGDP.TOT,LKA,2022,0.10506,,
EXPGDP.TOT,LTU,2020,1.13261,,
EXPGDP.TOT,LTU,2021,1.10436,,
EXPGDP.TOT,LTU,2022,1.05319,,
EXPGDP.TOT,LUX,2020,1.09584,,
EXPGDP.TOT,LUX,2021,1.0412,,
EXPGDP.TOT,LUX,2022,0.97653,,
EXPGDP.TOT,LVA,2020,0.73439,,
EXPGDP.TOT,LVA,2021,0.74622,,
EXPGDP.TOT,LVA,2022,0.76382,,
EXPGDP.TOT,MAC,2020,0.45327,,
EXPGDP.TOT,MAC,2021,0.37318,,
EXPGDP.TOT,MAC,2022,0.43688,,
EXPGDP.TOT,MAC,2023,0.26378,,
EXPGDP.TOT,MDA,2020,0.23511,,
EXPGDP.TOT,MDA,2021,0.23154,,
EXPGDP.TOT,MDA,2022,0.22983,,
EXPGDP.TOT,MDA,2023,0.22342,,
EXPGDP.TOT,MDG: Caucasus and Central Asia,2020,0.15003,,
EXPGDP.TOT,MDG: Caucasus and Central Asia,2021,0.1445,,
EXPGDP.TOT,MDG: Caucasus and Central Asia,2022,0.13908,,
EXPGDP.TOT,MDG: Developed regions,2020,2.64298,,
EXPGDP.TOT,MDG: Developed regions,2021,2.61895,,
EXPGDP.TOT,MDG: Developed regions,2022,2.65641,,
EXPGDP.TOT,MDG: Developing regions,2020,1.38366,,
EXPGDP.TOT,MDG: Developing regions,2021,1.38022,,
EXPGDP.TOT,MDG: Developing regions,2022,1.41496,,
EXPGDP.TOT,MDG: Eastern Asia,2020,2.57725,,
EXPGDP.TOT,MDG: Eastern Asia,2021,2.59842,,
EXPGDP.TOT,MDG: Eastern Asia,2022,2.72948,,
EXPGDP.TOT,MDG: Eastern Asia (excluding China),2020,4.08303,,
EXPGDP.TOT,MDG: Eastern Asia (excluding China),2021,4.13833,,
EXPGDP.TOT,MDG: Eastern Asia (excluding China),2022,4.42315,,
EXPGDP.TOT,MDG: Latin America and the Caribbean,2020,0.5918,,
EXPGDP.TOT,MDG: Latin America and the Caribbean,2021,0.55152,,
EXPGDP.TOT,MDG: Latin America and the Caribbean,2022,0.55163,,
EXPGDP.TOT,MDG: Northern Africa,2020,0.7792,,
EXPGDP.TOT,MDG: Northern Africa,2021,0.7682,,
EXPGDP.TOT,MDG: Northern Africa,2022,0.83548,,
EXPGDP.TOT,MDG: South-eastern Asia,2020,1.06166,,
EXPGDP.TOT,MDG: South-eastern Asia,2021,1.09041,,
EXPGDP.TOT,MDG: South-eastern Asia,2022,1.09308,,
EXPGDP.TOT,MDG: Southern Asia,2020,0.57037,,
EXPGDP.TOT,MDG: Southern Asia,2021,0.56997,,
EXPGDP.TOT,MDG: Southern Asia,2022,0.57159,,
EXPGDP.TOT,MDG: Southern Asia (excluding India),2020,0.38896,,
EXPGDP.TOT,MDG: Southern Asia (excluding India),2021,0.37491,,
EXPGDP.TOT,MDG: Southern Asia (excluding India),2022,0.37538,,
EXPGDP.TOT,MDG: Sub-Saharan Africa,2020,0.37427,,
EXPGDP.TOT,MDG: Sub-Saharan Africa,2021,0.37817,,
EXPGDP.TOT,MDG: Sub-Saharan Africa,2022,0.37858,,
EXPGDP.TOT,MDG: Western Asia,2020,0.90985,,
EXPGDP.TOT,MDG: Western Asia,2021,0.89691,,
EXPGDP.TOT,MDG: Western Asia,2022,0.88316,,
EXPGDP.TOT,MDG: World,2020,1.94393,,
EXPGDP.TOT,MDG: World,2021,1.92273,,
EXPGDP.TOT,MDG: World,2022,1.95036,,
EXPGDP.TOT,MEX,2020,0.29191,,
EXPGDP.TOT,MEX,2021,0.27378,,
EXPGDP.TOT,MEX,2022,0.25782,,
EXPGDP.TOT,MEX,2023,0.26819,,
EXPGDP.TOT,MKD,2020,0.37264,,
EXPGDP.TOT,MKD,2021,0.37252,,
EXPGDP.TOT,MKD,2022,0.37975,,
EXPGDP.TOT,MKD,2023,0.39502,,
EXPGDP.TOT,MLI,2021,0.17385,,
EXPGDP.TOT,MLT,2020,0.64566,,
EXPGDP.TOT,MLT,2021,0.65205,,
EXPGDP.TOT,MLT,2022,0.60433,,
EXPGDP.TOT,MMR,2020,0.15567,,
EXPGDP.TOT,MMR,2021,0.12402,,
EXPGDP.TOT,MMR,2022,0.03519,,
EXPGDP.TOT,MMR,2023,0.02376,,
EXPGDP.TOT,MNG,2020,0.13301,,
EXPGDP.TOT,MNG,2021,0.10008,,
EXPGDP.TOT,MNG,2022,0.08365,,
EXPGDP.TOT,MUS,2020,0.40299,,
EXPGDP.TOT,MUS,2021,0.36784,,
EXPGDP.TOT,MUS,2022,0.3083,,
EXPGDP.TOT,MUS,2023,0.23401,,
EXPGDP.TOT,MYS,2020,0.95055,,
EXPGDP.TOT,NAM,2022,0.64647,,
EXPGDP.TOT,NLD,2020,2.32182,,
EXPGDP.TOT,NLD,2021,2.26877,,
EXPGDP.TOT,NLD,2022,2.25533,,
EXPGDP.TOT,NOR,2020,2.24436,,
EXPGDP.TOT,NOR,2021,1.88764,,
EXPGDP.TOT,NOR,2022,1.55752,,
EXPGDP.TOT,NZL,2021,1.46569,,
EXPGDP.TOT,OMN,2020,0.31599,,
EXPGDP.TOT,OMN,2021,0.28978,,
EXPGDP.TOT,OMN,2022,0.27506,,
EXPGDP.TOT,OMN,2023,0.36729,,
EXPGDP.TOT,PAK,2021,0.16431,,
EXPGDP.TOT,PAK,2023,0.16375,,
EXPGDP.TOT,PAN,2020,0.23235,,
EXPGDP.TOT,PAN,2021,0.17688,,
EXPGDP.TOT,PAN,2022,0.18243,,
EXPGDP.TOT,PAN,2023,0.15791,,
EXPGDP.TOT,PER,2020,0.17229,,
EXPGDP.TOT,PER,2021,0.13752,,
EXPGDP.TOT,PER,2022,0.16178,,
EXPGDP.TOT,POL,2020,1.38608,,
EXPGDP.TOT,POL,2021,1.43183,,
EXPGDP.TOT,POL,2022,1.45383,,
EXPGDP.TOT,PRT,2020,1.61392,,
EXPGDP.TOT,PRT,2021,1.67051,,
EXPGDP.TOT,PRT,2022,1.70179,,
EXPGDP.TOT,PRY,2020,0.15697,,
EXPGDP.TOT,PRY,2021,0.14398,,
EXPGDP.TOT,PRY,2022,0.11944,,
EXPGDP.TOT,QAT,2021,0.68058,,
EXPGDP.TOT,ROU,2020,0.46538,,
EXPGDP.TOT,ROU,2021,0.47234,,
EXPGDP.TOT,ROU,2022,0.45881,,
EXPGDP.TOT,RUS,2020,1.09099,,
EXPGDP.TOT,RUS,2021,0.95857,,
EXPGDP.TOT,RUS,2022,0.92527,,
EXPGDP.TOT,RWA,2023,0.79445,,
EXPGDP.TOT,SAU,2020,0.49802,,
EXPGDP.TOT,SAU,2021,0.44266,,
EXPGDP.TOT,SAU,2022,0.46317,,
EXPGDP.TOT,SAU,2023,0.56486,,
EXPGDP.TOT,SDG: Australia and New Zealand,2020,1.78288,,
EXPGDP.TOT,SDG: Australia and New Zealand,2021,1.79935,,
EXPGDP.TOT,SDG: Australia and New Zealand,2022,1.80211,,
EXPGDP.TOT,SDG: Central Asia,2020,0.12688,,
EXPGDP.TOT,SDG: Central Asia,2021,0.12398,,
EXPGDP.TOT,SDG: Central Asia,2022,0.12741,,
EXPGDP.TOT,SDG: Central and Southern Asia,2020,0.54049,,
EXPGDP.TOT,SDG: Central and Southern Asia,2021,0.54017,,
EXPGDP.TOT,SDG: Central and Southern Asia,2022,0.54235,,
EXPGDP.TOT,SDG: Eastern Asia,2020,2.6873,,
EXPGDP.TOT,SDG: Eastern Asia,2021,2.69964,,
EXPGDP.TOT,SDG: Eastern Asia,2022,2.82682,,
EXPGDP.TOT,SDG: Eastern and South-Eastern Asia,2020,2.31324,,
EXPGDP.TOT,SDG: Eastern and South-Eastern Asia,2021,2.33788,,
EXPGDP.TOT,SDG: Eastern and South-Eastern Asia,2022,2.4274,,
EXPGDP.TOT,SDG: Europe,2020,2.05251,,
EXPGDP.TOT,SDG: Europe,2021,1.98228,,
EXPGDP.TOT,SDG: Europe,2022,1.97758,,
EXPGDP.TOT,SDG: Europe and Northern America,2020,2.58653,,
EXPGDP.TOT,SDG: Europe and Northern America,2021,2.56037,,
EXPGDP.TOT,SDG: Europe and Northern America,2022,2.5914,,
EXPGDP.TOT,"SDG: Europe, Northern America, Australia and New Zealand",2020,2.56331,,
EXPGDP.TOT,"SDG: Europe, Northern America, Australia and New Zealand",2021,2.53942,,
EXPGDP.TOT,"SDG: Europe, Northern America, Australia and New Zealand",2022,2.56868,,
EXPGDP.TOT,SDG: Landlocked Developing Countries,2020,0.20907,,
EXPGDP.TOT,SDG: Landlocked Developing Countries,2021,0.20627,,
EXPGDP.TOT,SDG: Landlocked Developing Countries,2022,0.20249,,
EXPGDP.TOT,SDG: Latin America and the Caribbean,2020,0.5918,,
EXPGDP.TOT,SDG: Latin America and the Caribbean,2021,0.55152,,
EXPGDP.TOT,SDG: Latin America and the Caribbean,2022,0.55163,,
EXPGDP.TOT,SDG: Least Developed Countries,2020,0.27972,,
EXPGDP.TOT,SDG: Least Developed Countries,2021,0.27927,,
EXPGDP.TOT,SDG: Least Developed Countries,2022,0.27942,,
EXPGDP.TOT,SDG: Northern Africa,2020,0.74944,,
EXPGDP.TOT,SDG: Northern Africa,2021,0.74108,,
EXPGDP.TOT,SDG: Northern Africa,2022,0.80664,,
EXPGDP.TOT,SDG: Northern Africa and Western Asia,2020,1.0378,,
EXPGDP.TOT,SDG: Northern Africa and Western Asia,2021,1.02956,,
EXPGDP.TOT,SDG: Northern Africa and Western Asia,2022,1.04891,,
EXPGDP.TOT,SDG: Northern America,2020,3.30465,,
EXPGDP.TOT,SDG: Northern America,2021,3.34778,,
EXPGDP.TOT,SDG: Northern America,2022,3.42424,,
EXPGDP.TOT,SDG: Oceania,2020,1.72636,,
EXPGDP.TOT,SDG: Oceania,2021,1.74447,,
EXPGDP.TOT,SDG: Oceania,2022,1.74706,,
EXPGDP.TOT,SDG: Small Island Developing States,2020,1.03905,,
EXPGDP.TOT,SDG: Small Island Developing States,2021,0.73408,,
EXPGDP.TOT,SDG: Small Island Developing States,2022,0.74202,,
EXPGDP.TOT,SDG: South-Eastern Asia,2020,1.06166,,
EXPGDP.TOT,SDG: South-Eastern Asia,2021,1.09041,,
EXPGDP.TOT,SDG: South-Eastern Asia,2022,1.09308,,
EXPGDP.TOT,SDG: Southern Asia,2020,0.57037,,
EXPGDP.TOT,SDG: Southern Asia,2021,0.56997,,
EXPGDP.TOT,SDG: Southern Asia,2022,0.57159,,
EXPGDP.TOT,SDG: Sub-Saharan Africa,2020,0.37952,,
EXPGDP.TOT,SDG: Sub-Saharan Africa,2021,0.38304,,
EXPGDP.TOT,SDG: Sub-Saharan Africa,2022,0.38324,,
EXPGDP.TOT,SDG: Western Asia,2020,1.16626,,
EXPGDP.TOT,SDG: Western Asia,2021,1.15087,,
EXPGDP.TOT,SDG: Western Asia,2022,1.14638,,
EXPGDP.TOT,SDG: World,2020,1.94393,,
EXPGDP.TOT,SDG: World,2021,1.92273,,
EXPGDP.TOT,SDG: World,2022,1.95036,,
EXPGDP.TOT,SGP,2020,2.15626,,
EXPGDP.TOT,SLV,2020,0.16299,,
EXPGDP.TOT,SLV,2021,0.16252,,
EXPGDP.TOT,SLV,2022,0.1428,,
EXPGDP.TOT,SRB,2020,0.90558,,
EXPGDP.TOT,SRB,2021,0.99379,,
EXPGDP.TOT,SRB,2022,0.96616,,
EXPGDP.TOT,SRB,2023,0.95005,,
EXPGDP.TOT,SVK,2020,0.89773,,
EXPGDP.TOT,SVK,2021,0.91611,,
EXPGDP.TOT,SVK,2022,0.97939,,
EXPGDP.TOT,SVN,2020,2.14156,,
EXPGDP.TOT,SVN,2021,2.128,,
EXPGDP.TOT,SVN,2022,2.09525,,
EXPGDP.TOT,SWE,2020,3.4896,,
EXPGDP.TOT,SWE,2021,3.40216,,
EXPGDP.TOT,SWE,2022,3.40822,,
EXPGDP.TOT,SYR,2022,0.07306,,
EXPGDP.TOT,THA,2020,1.32818,,
EXPGDP.TOT,THA,2021,1.20807,,
EXPGDP.TOT,THA,2022,1.15902,,
EXPGDP.TOT,TJK,2020,0.08969,,
EXPGDP.TOT,TKM,2020,0.13,NAT_EST,
EXPGDP.TOT,TKM,2021,0.1,NAT_EST,
EXPGDP.TOT,TKM,2022,0.14,NAT_EST,
EXPGDP.TOT,TTO,2020,0.06512,,
EXPGDP.TOT,TTO,2021,0.05374,,
EXPGDP.TOT,TTO,2022,0.0478,,
EXPGDP.TOT,TUR,2020,1.36748,,
EXPGDP.TOT,TUR,2021,1.40209,,
EXPGDP.TOT,TUR,2022,1.32343,,
EXPGDP.TOT,UGA,2023,0.3109,,
EXPGDP.TOT,UIS: Arab States,2020,0.6646,,
EXPGDP.TOT,UIS: Arab States,2021,0.6383,,
EXPGDP.TOT,UIS: Arab States,2022,0.67031,,
EXPGDP.TOT,UIS: Central Asia,2020,0.14943,,
EXPGDP.TOT,UIS: Central Asia,2021,0.14302,,
EXPGDP.TOT,UIS: Central Asia,2022,0.13723,,
EXPGDP.TOT,UIS: Central and Eastern Europe,2020,1.13469,,
EXPGDP.TOT,UIS: Central and Eastern Europe,2021,1.08782,,
EXPGDP.TOT,UIS: Central and Eastern Europe,2022,1.0726,,
EXPGDP.TOT,UIS: East Asia and the Pacific,2020,2.29368,,
EXPGDP.TOT,UIS: East Asia and the Pacific,2021,2.31908,,
EXPGDP.TOT,UIS: East Asia and the Pacific,2022,2.40473,,
EXPGDP.TOT,UIS: Latin America and the Caribbean,2020,0.59161,,
EXPGDP.TOT,UIS: Latin America and the Caribbean,2021,0.55137,,
EXPGDP.TOT,UIS: Latin America and the Caribbean,2022,0.55148,,
EXPGDP.TOT,UIS: North America and Western Europe,2020,2.93095,,
EXPGDP.TOT,UIS: North America and Western Europe,2021,2.93168,,
EXPGDP.TOT,UIS: North America and Western Europe,2022,2.96018,,
EXPGDP.TOT,UIS: South and West Asia,2020,0.57037,,
EXPGDP.TOT,UIS: South and West Asia,2021,0.56997,,
EXPGDP.TOT,UIS: South and West Asia,2022,0.57159,,
EXPGDP.TOT,UIS: Sub-Saharan Africa,2020,0.37888,,
EXPGDP.TOT,UIS: Sub-Saharan Africa,2021,0.38246,,
EXPGDP.TOT,UIS: Sub-Saharan Africa,2022,0.38265,,
EXPGDP.TOT,UIS: World,2020,1.94393,,
EXPGDP.TOT,UIS: World,2021,1.92273,,
EXPGDP.TOT,UIS: World,2022,1.95036,,
EXPGDP.TOT,UKR,2020,0.40318,,
EXPGDP.TOT,UKR,2021,0.38478,,
EXPGDP.TOT,UKR,2022,0.32673,,
EXPGDP.TOT,UKR,2023,0.32653,,
EXPGDP.TOT,UNESCO: SIDS,2020,1.09274,,
EXPGDP.TOT,UNESCO: SIDS,2021,0.74808,,
EXPGDP.TOT,UNESCO: SIDS,2022,0.75581,,
EXPGDP.TOT,URY,2020,0.67468,,
EXPGDP.TOT,URY,2021,0.61447,,
EXPGDP.TOT,URY,2022,0.62592,,
EXPGDP.TOT,USA,2020,3.42467,,
EXPGDP.TOT,USA,2021,3.48313,,
EXPGDP.TOT,USA,2022,3.58623,,
EXPGDP.TOT,UZB,2020,0.1385,,
EXPGDP.TOT,UZB,2021,0.1316,,
EXPGDP.TOT,UZB,2022,0.15874,,
EXPGDP.TOT,UZB,2023,0.12527,,
EXPGDP.TOT,VNM,2021,0.42494,,
EXPGDP.TOT,WB: High income (July 2024),2020,2.65169,,
EXPGDP.TOT,WB: High income (July 2024),2021,2.62848,,
EXPGDP.TOT,WB: High income (July 2024),2022,2.66342,,
EXPGDP.TOT,WB: Low income (July 2024),2020,0.27781,,
EXPGDP.TOT,WB: Low income (July 2024),2021,0.28284,,
EXPGDP.TOT,WB: Low income (July 2024),2022,0.28433,,
EXPGDP.TOT,WB: Lower middle income (July 2024),2020,0.51987,,
EXPGDP.TOT,WB: Lower middle income (July 2024),2021,0.5223,,
EXPGDP.TOT,WB: Lower middle income (July 2024),2022,0.53276,,
EXPGDP.TOT,WB: Middle income (July 2024),2020,1.26484,,
EXPGDP.TOT,WB: Middle income (July 2024),2021,1.26284,,
EXPGDP.TOT,WB: Middle income (July 2024),2022,1.29823,,
EXPGDP.TOT,WB: Upper middle income (July 2024),2020,1.58255,,
EXPGDP.TOT,WB: Upper middle income (July 2024),2021,1.56791,,
EXPGDP.TOT,WB: Upper middle income (July 2024),2022,1.61991,,
EXPGDP.TOT,WB: World,2020,1.94393,,
EXPGDP.TOT,WB: World,2021,1.92273,,
EXPGDP.TOT,WB: World,2022,1.95036,,
EXPGDP.TOT,ZAF,2020,0.6024,,
EXPGDP.TOT,ZAF,2021,0.61503,,
EXPGDP.TOT,ZAF,2022,0.61729,,
ICTSKILLINTBNK,ALB,2020,5.4,,
ICTSKILLINTBNK,ALB,2021,6.6,,
ICTSKILLINTBNK,ALB,2022,13.1,,
ICTSKILLINTBNK,ARE,2020,68.4,,
ICTSKILLINTBNK,ARE,2021,69.2,,
ICTSKILLINTBNK,ARE,2022,71.9,,
ICTSKILLINTBNK,AUT,2020,75.2,,
ICTSKILLINTBNK,AUT,2021,77.1,,
ICTSKILLINTBNK,AUT,2022,78.1,,
ICTSKILLINTBNK,AZE,2020,1.3,,
ICTSKILLINTBNK,AZE,2021,1.4,,
ICTSKILLINTBNK,AZE,2023,1.4,,
ICTSKILLINTBNK,BEL,2020,82.3,,
ICTSKILLINTBNK,BEL,2021,81.1,,
ICTSKILLINTBNK,BEL,2022,84.6,,
ICTSKILLINTBNK,BGD,2023,3.6,,
ICTSKILLINTBNK,BGR,2020,17.9,,
ICTSKILLINTBNK,BGR,2021,19.8,,
ICTSKILLINTBNK,BGR,2022,28.4,,
ICTSKILLINTBNK,BHR,2020,47.2,,
ICTSKILLINTBNK,BHR,2021,47,,
ICTSKILLINTBNK,BHR,2022,58.3,,
ICTSKILLINTBNK,BIH,2020,16.7,,
ICTSKILLINTBNK,BIH,2021,16.9,,
ICTSKILLINTBNK,BIH,2022,20.1,,
ICTSKILLINTBNK,BIH,2023,23.9,,
ICTSKILLINTBNK,BLR,2020,49.6,,
ICTSKILLINTBNK,BLR,2021,54.1,,
ICTSKILLINTBNK,BLR,2022,56.6,,
ICTSKILLINTBNK,BRA,2020,42.7,,
ICTSKILLINTBNK,BRA,2021,46.3,,
ICTSKILLINTBNK,BRA,2022,50.8,,
ICTSKILLINTBNK,BTN,2021,41.4,,
ICTSKILLINTBNK,CAN,2022,83,,
ICTSKILLINTBNK,CHE,2021,76.4,,
ICTSKILLINTBNK,CHN,2020,17.2,,
ICTSKILLINTBNK,CHN,2021,18.8,,
ICTSKILLINTBNK,CHN,2022,17.3,,
ICTSKILLINTBNK,CIV,2022,2,,
ICTSKILLINTBNK,COL,2020,11.8,,
ICTSKILLINTBNK,COL,2021,14.5,,
ICTSKILLINTBNK,COL,2022,18.8,,
ICTSKILLINTBNK,CYP,2020,57.4,,
ICTSKILLINTBNK,CYP,2021,71.3,,
ICTSKILLINTBNK,CYP,2022,71.4,,
ICTSKILLINTBNK,CZE,2020,78.8,,
ICTSKILLINTBNK,CZE,2021,80.9,,
ICTSKILLINTBNK,CZE,2022,83.7,,
ICTSKILLINTBNK,DEU,2020,62.8,,
ICTSKILLINTBNK,DEU,2021,55.1,,
ICTSKILLINTBNK,DEU,2022,53,,
ICTSKILLINTBNK,DEU,2023,61.9,,
ICTSKILLINTBNK,DNK,2020,94.6,,
ICTSKILLINTBNK,DNK,2021,95.6,,
ICTSKILLINTBNK,DNK,2022,96.4,,
ICTSKILLINTBNK,DNK,2023,97.4,,
ICTSKILLINTBNK,ECU,2022,7.9,,
ICTSKILLINTBNK,ECU,2023,8.5,,
ICTSKILLINTBNK,EGY,2020,0.6,,
ICTSKILLINTBNK,EGY,2022,7.8,,
ICTSKILLINTBNK,ESP,2020,66.6,,
ICTSKILLINTBNK,ESP,2021,69.4,,
ICTSKILLINTBNK,ESP,2022,73.7,,
ICTSKILLINTBNK,EST,2020,89.6,,
ICTSKILLINTBNK,EST,2021,89.6,,
ICTSKILLINTBNK,EST,2022,91.1,,
ICTSKILLINTBNK,FIN,2020,94.6,,
ICTSKILLINTBNK,FIN,2021,95.8,,
ICTSKILLINTBNK,FIN,2022,96.7,,
ICTSKILLINTBNK,FRA,2021,76,,
ICTSKILLINTBNK,FRA,2022,72.7,,
ICTSKILLINTBNK,GBR,2020,80.5,,
ICTSKILLINTBNK,GEO,2020,34.7,,
ICTSKILLINTBNK,GEO,2021,36.4,,
ICTSKILLINTBNK,GEO,2022,41.3,,
ICTSKILLINTBNK,GRC,2020,46.8,,
ICTSKILLINTBNK,GRC,2021,54,,
ICTSKILLINTBNK,GRC,2022,59.9,,
ICTSKILLINTBNK,HKG,2020,50,,
ICTSKILLINTBNK,HKG,2022,58.4,,
ICTSKILLINTBNK,HRV,2020,64,,
ICTSKILLINTBNK,HRV,2021,68.3,,
ICTSKILLINTBNK,HRV,2022,70.6,,
ICTSKILLINTBNK,HUN,2020,60.5,,
ICTSKILLINTBNK,HUN,2021,63.2,,
ICTSKILLINTBNK,HUN,2022,68.5,,
ICTSKILLINTBNK,IDN,2020,7.1,,
ICTSKILLINTBNK,IDN,2021,7.8,,
ICTSKILLINTBNK,IDN,2022,7,,
ICTSKILLINTBNK,IRN,2021,31.6,,
ICTSKILLINTBNK,IRQ,2022,0.5,,
ICTSKILLINTBNK,ISR,2020,68,,
ICTSKILLINTBNK,ISR,2021,73.8,,
ICTSKILLINTBNK,ITA,2020,44.5,,
ICTSKILLINTBNK,ITA,2022,56.9,,
ICTSKILLINTBNK,JAM,2021,19.1,,
ICTSKILLINTBNK,JPN,2020,16.7,,
ICTSKILLINTBNK,JPN,2021,20.8,,
ICTSKILLINTBNK,JPN,2022,23.5,,
ICTSKILLINTBNK,KAZ,2020,20.8,,
ICTSKILLINTBNK,KAZ,2021,19.8,,
ICTSKILLINTBNK,KAZ,2022,28.1,,
ICTSKILLINTBNK,KOR,2020,79.7,,
ICTSKILLINTBNK,KOR,2021,81.2,,
ICTSKILLINTBNK,KOR,2022,80.1,,
ICTSKILLINTBNK,KWT,2020,66.6,,
ICTSKILLINTBNK,KWT,2021,66.2,,
ICTSKILLINTBNK,KWT,2023,61.2,,
ICTSKILLINTBNK,LTU,2020,81.4,,
ICTSKILLINTBNK,LTU,2021,83.3,,
ICTSKILLINTBNK,LTU,2022,85.3,,
ICTSKILLINTBNK,LUX,2020,71.7,,
ICTSKILLINTBNK,LUX,2021,72.7,,
ICTSKILLINTBNK,LUX,2022,71.2,,
ICTSKILLINTBNK,LUX,2023,71.6,,
ICTSKILLINTBNK,LVA,2020,85.9,,
ICTSKILLINTBNK,LVA,2021,87.9,,
ICTSKILLINTBNK,LVA,2022,90.2,,
ICTSKILLINTBNK,LVA,2023,90.7,,
ICTSKILLINTBNK,MAC,2021,60.7,,
ICTSKILLINTBNK,MAR,2021,22,,
ICTSKILLINTBNK,MEX,2020,15.6,,
ICTSKILLINTBNK,MEX,2021,17.4,,
ICTSKILLINTBNK,MEX,2022,15.2,,
ICTSKILLINTBNK,MLT,2020,69.5,,
ICTSKILLINTBNK,MLT,2021,71.8,,
ICTSKILLINTBNK,MLT,2022,72.4,,
ICTSKILLINTBNK,MNE,2020,9.5,,
ICTSKILLINTBNK,MNE,2021,9.8,,
ICTSKILLINTBNK,MNE,2022,12.9,,
ICTSKILLINTBNK,MUS,2020,15.4,,
ICTSKILLINTBNK,MYS,2020,61.9,,
ICTSKILLINTBNK,MYS,2021,70.4,,
ICTSKILLINTBNK,MYS,2022,74.8,,
ICTSKILLINTBNK,NLD,2022,92.2,,
ICTSKILLINTBNK,NOR,2020,98.3,,
ICTSKILLINTBNK,NOR,2021,96,,
ICTSKILLINTBNK,NOR,2022,96,,
ICTSKILLINTBNK,OMN,2020,37.6,,
ICTSKILLINTBNK,PER,2022,20.3,,
ICTSKILLINTBNK,POL,2020,59.5,,
ICTSKILLINTBNK,POL,2021,61.2,,
ICTSKILLINTBNK,POL,2022,63.9,,
ICTSKILLINTBNK,PRT,2020,60.1,,
ICTSKILLINTBNK,PRT,2021,64.2,,
ICTSKILLINTBNK,PRT,2022,68,,
ICTSKILLINTBNK,PRY,2020,7.1,,
ICTSKILLINTBNK,PRY,2021,8.8,,
ICTSKILLINTBNK,PRY,2022,13.6,,
ICTSKILLINTBNK,QAT,2020,14.8,,
ICTSKILLINTBNK,ROU,2020,14.8,,
ICTSKILLINTBNK,ROU,2021,18.5,,
ICTSKILLINTBNK,ROU,2022,22.4,,
ICTSKILLINTBNK,RUS,2020,57.3,,
ICTSKILLINTBNK,RUS,2021,59.9,,
ICTSKILLINTBNK,RUS,2022,62,,
ICTSKILLINTBNK,SGP,2022,79.3,,
ICTSKILLINTBNK,SLV,2020,0.1,,
ICTSKILLINTBNK,SRB,2020,20,,
ICTSKILLINTBNK,SRB,2021,25.6,,
ICTSKILLINTBNK,SRB,2022,29.7,,
ICTSKILLINTBNK,SVK,2020,64.7,,
ICTSKILLINTBNK,SVK,2021,65.1,,
ICTSKILLINTBNK,SVN,2020,59.8,,
ICTSKILLINTBNK,SVN,2021,64.2,,
ICTSKILLINTBNK,SVN,2022,63.9,,
ICTSKILLINTBNK,SWE,2020,86.9,,
ICTSKILLINTBNK,SWE,2021,85.7,,
ICTSKILLINTBNK,SWE,2022,86.2,,
ICTSKILLINTBNK,SWE,2023,86.1,,
ICTSKILLINTBNK,THA,2020,46.8,,
ICTSKILLINTBNK,TUR,2020,50.8,,
ICTSKILLINTBNK,TUR,2021,56.5,,
ICTSKILLINTBNK,TUR,2022,61.3,,
ICTSKILLINTBNK,TUR,2023,67.1,,
ICTSKILLINTBNK,UKR,2020,36.2,,
ICTSKILLINTBNK,UKR,2021,42.2,,
ICTSKILLINTBNK,URY,2022,53.1,,
ICTSKILLINTBNK,UZB,2020,10.3,,
ICTSKILLINTBNK,UZB,2021,9.6,,
ICTSKILLINTBNK,UZB,2022,13,,
ICTSKILLINTBNK,ZWE,2020,9.7,,
ICTSKILLPCPR,ALB,2020,3.7,,
ICTSKILLPCPR,ALB,2021,5.7,,
ICTSKILLPCPR,ALB,2022,6.6,,
ICTSKILLPCPR,ARE,2020,17.4,,
ICTSKILLPCPR,ARE,2021,22.4,,
ICTSKILLPCPR,ARE,2022,23.5,,
ICTSKILLPCPR,AUT,2021,9.8,,
ICTSKILLPCPR,BEL,2021,4.6,,
ICTSKILLPCPR,BGD,2021,0.6,,
ICTSKILLPCPR,BGD,2023,0.5,,
ICTSKILLPCPR,BGR,2021,1.1,,
ICTSKILLPCPR,BHR,2020,17.2,,
ICTSKILLPCPR,BIH,2021,2.1,,
ICTSKILLPCPR,BLR,2020,1.3,,
ICTSKILLPCPR,BLR,2021,1.4,,
ICTSKILLPCPR,BLR,2022,1.2,,
ICTSKILLPCPR,BRA,2020,3,,
ICTSKILLPCPR,BRA,2021,2.3,,
ICTSKILLPCPR,BRA,2022,3.4,,
ICTSKILLPCPR,BRN,2022,5,,
ICTSKILLPCPR,BTN,2021,1.4,,
ICTSKILLPCPR,CAN,2022,9,,
ICTSKILLPCPR,CHE,2021,8,,
ICTSKILLPCPR,CHN,2022,9.4,,
ICTSKILLPCPR,CIV,2022,1.3,,
ICTSKILLPCPR,COL,2020,4.7,,
ICTSKILLPCPR,COL,2021,5,,
ICTSKILLPCPR,COL,2022,7.1,,
ICTSKILLPCPR,CUB,2020,5.8,,
ICTSKILLPCPR,CUB,2021,5.8,,
ICTSKILLPCPR,CZE,2021,4.9,,
ICTSKILLPCPR,DEU,2021,4.6,,
ICTSKILLPCPR,DEU,2023,5.5,,
ICTSKILLPCPR,DNK,2021,10.9,,
ICTSKILLPCPR,DNK,2023,11.5,,
ICTSKILLPCPR,ECU,2020,3.5,,
ICTSKILLPCPR,ECU,2022,1.5,,
ICTSKILLPCPR,ECU,2023,1,,
ICTSKILLPCPR,EGY,2020,1.8,,
ICTSKILLPCPR,EGY,2022,1.8,,
ICTSKILLPCPR,ESP,2020,7,,
ICTSKILLPCPR,ESP,2021,7.7,,
ICTSKILLPCPR,EST,2021,5.9,,
ICTSKILLPCPR,FIN,2021,8.6,,
ICTSKILLPCPR,FRA,2021,5.7,,
ICTSKILLPCPR,GEO,2020,0.8,,
ICTSKILLPCPR,GEO,2021,1.3,,
ICTSKILLPCPR,GEO,2022,1.2,,
ICTSKILLPCPR,GRC,2021,3.3,,
ICTSKILLPCPR,HKG,2020,3.8,,
ICTSKILLPCPR,HKG,2021,1,,
ICTSKILLPCPR,HKG,2022,6.1,,
ICTSKILLPCPR,HRV,2021,3.6,,
ICTSKILLPCPR,HUN,2021,4.2,,
ICTSKILLPCPR,IRL,2020,7,,
ICTSKILLPCPR,IRN,2021,1.3,,
ICTSKILLPCPR,IRQ,2022,1.7,,
ICTSKILLPCPR,ISL,2021,9.9,,
ICTSKILLPCPR,JAM,2021,1.5,,
ICTSKILLPCPR,KAZ,2020,5.6,,
ICTSKILLPCPR,KAZ,2021,6.4,,
ICTSKILLPCPR,KAZ,2022,5.1,,
ICTSKILLPCPR,KOR,2020,7,,
ICTSKILLPCPR,KOR,2021,10.3,,
ICTSKILLPCPR,KOR,2022,9.7,,
ICTSKILLPCPR,KWT,2020,15.3,,
ICTSKILLPCPR,KWT,2021,15.3,,
ICTSKILLPCPR,KWT,2023,15.9,,
ICTSKILLPCPR,LTU,2021,5,,
ICTSKILLPCPR,LUX,2021,8.6,,
ICTSKILLPCPR,LUX,2023,9.2,,
ICTSKILLPCPR,LVA,2021,4.7,,
ICTSKILLPCPR,LVA,2023,3.9,,
ICTSKILLPCPR,MAC,2021,5.2,,
ICTSKILLPCPR,MAR,2020,9.5,,
ICTSKILLPCPR,MAR,2021,10.1,,
ICTSKILLPCPR,MEX,2020,6.7,,
ICTSKILLPCPR,MEX,2021,6.2,,
ICTSKILLPCPR,MEX,2022,6.4,,
ICTSKILLPCPR,MLT,2020,6,,
ICTSKILLPCPR,MLT,2021,8.8,,
ICTSKILLPCPR,MNE,2020,5.8,,
ICTSKILLPCPR,MNE,2021,7,,
ICTSKILLPCPR,MNE,2022,7.9,,
ICTSKILLPCPR,MNG,2021,2.6,,
ICTSKILLPCPR,MUS,2020,3.2,,
ICTSKILLPCPR,MYS,2020,11.1,,
ICTSKILLPCPR,MYS,2021,16.1,,
ICTSKILLPCPR,MYS,2022,18.8,,
ICTSKILLPCPR,NER,2022,1.2,,
ICTSKILLPCPR,NOR,2021,12,,
ICTSKILLPCPR,OMN,2020,8,,
ICTSKILLPCPR,PAK,2020,1.5,,
ICTSKILLPCPR,PER,2022,2.8,,
ICTSKILLPCPR,POL,2020,5.3,,
ICTSKILLPCPR,POL,2021,5.3,,
ICTSKILLPCPR,POL,2022,4.5,,
ICTSKILLPCPR,PRT,2021,7.2,,
ICTSKILLPCPR,RUS,2020,0.7,,
ICTSKILLPCPR,RUS,2021,0.9,,
ICTSKILLPCPR,RUS,2022,1.1,,
ICTSKILLPCPR,SAU,2020,21,,
ICTSKILLPCPR,SAU,2021,25.2,,
ICTSKILLPCPR,SAU,2022,26,,
ICTSKILLPCPR,SGP,2020,8.2,,
ICTSKILLPCPR,SGP,2021,10.6,,
ICTSKILLPCPR,SGP,2022,6.3,,
ICTSKILLPCPR,SRB,2021,1.7,,
ICTSKILLPCPR,SVK,2021,4.4,,
ICTSKILLPCPR,SVN,2021,5.6,,
ICTSKILLPCPR,SWE,2021,9.4,,
ICTSKILLPCPR,SWE,2023,9.3,,
ICTSKILLPCPR,THA,2020,1,,
ICTSKILLPCPR,TUR,2021,2.5,,
ICTSKILLPCPR,UKR,2020,1,,
ICTSKILLPCPR,UKR,2021,1.2,,
ICTSKILLPCPR,URY,2022,9.8,,
ICTSKILLPCPR,UZB,2021,1.2,,
ICTSKILLPCPR,VNM,2021,1.2,,
ICTSKILLPCPR,ZWE,2020,1.4,,
ICTSKILLSOFT,ALB,2020,18.5,,
ICTSKILLSOFT,ALB,2021,26.7,,
ICTSKILLSOFT,ALB,2022,30,,
ICTSKILLSOFT,ARE,2020,63.5,,
ICTSKILLSOFT,ARE,2021,68.5,,
ICTSKILLSOFT,ARE,2022,71.2,,
ICTSKILLSOFT,AUT,2021,55.5,,
ICTSKILLSOFT,AZE,2020,10.1,,
ICTSKILLSOFT,AZE,2021,10.1,,
ICTSKILLSOFT,AZE,2023,10.3,,
ICTSKILLSOFT,BEL,2021,46.5,,
ICTSKILLSOFT,BGD,2021,22,,
ICTSKILLSOFT,BGD,2023,20.2,,
ICTSKILLSOFT,BGR,2021,25,,
ICTSKILLSOFT,BHR,2020,65,,
ICTSKILLSOFT,BHR,2021,65.2,,
ICTSKILLSOFT,BIH,2021,31.2,,
ICTSKILLSOFT,BIH,2023,40,,
ICTSKILLSOFT,BLR,2020,20.1,,
ICTSKILLSOFT,BLR,2021,20.2,,
ICTSKILLSOFT,BLR,2022,26,,
ICTSKILLSOFT,BRA,2020,18.7,,
ICTSKILLSOFT,BRA,2021,14.7,,
ICTSKILLSOFT,BRA,2022,29.5,,
ICTSKILLSOFT,BRN,2022,38,,
ICTSKILLSOFT,BTN,2021,8.6,,
ICTSKILLSOFT,CHE,2021,58.3,,
ICTSKILLSOFT,CHN,2022,56.2,,
ICTSKILLSOFT,CIV,2022,13.1,,
ICTSKILLSOFT,COL,2020,14.9,,
ICTSKILLSOFT,COL,2021,15.1,,
ICTSKILLSOFT,COL,2022,16.7,,
ICTSKILLSOFT,CUB,2020,11.3,,
ICTSKILLSOFT,CUB,2021,11.3,,
ICTSKILLSOFT,CZE,2021,44,,
ICTSKILLSOFT,DEU,2021,44,,
ICTSKILLSOFT,DEU,2023,52.6,,
ICTSKILLSOFT,DNK,2021,65,,
ICTSKILLSOFT,ECU,2020,13.5,,
ICTSKILLSOFT,ECU,2022,6.9,,
ICTSKILLSOFT,ECU,2023,6.5,,
ICTSKILLSOFT,EGY,2020,63.1,,
ICTSKILLSOFT,EGY,2022,63.1,,
ICTSKILLSOFT,ESP,2020,60.6,,
ICTSKILLSOFT,ESP,2021,64.4,,
ICTSKILLSOFT,EST,2021,50.1,,
ICTSKILLSOFT,FIN,2021,64,,
ICTSKILLSOFT,FRA,2021,53.3,,
ICTSKILLSOFT,GEO,2020,12.4,,
ICTSKILLSOFT,GEO,2021,13.7,,
ICTSKILLSOFT,GEO,2022,14.2,,
ICTSKILLSOFT,GRC,2021,40.6,,
ICTSKILLSOFT,HKG,2020,32.6,,
ICTSKILLSOFT,HKG,2021,39.2,,
ICTSKILLSOFT,HKG,2022,45.1,,
ICTSKILLSOFT,HRV,2021,42.6,,
ICTSKILLSOFT,HUN,2021,35,,
ICTSKILLSOFT,IRL,2020,57,,
ICTSKILLSOFT,IRN,2021,7.7,,
ICTSKILLSOFT,IRQ,2022,3.2,,
ICTSKILLSOFT,ISL,2021,73.6,,
ICTSKILLSOFT,JAM,2021,8.7,,
ICTSKILLSOFT,JPN,2020,55.6,,
ICTSKILLSOFT,JPN,2021,55.4,,
ICTSKILLSOFT,JPN,2022,56,,
ICTSKILLSOFT,KAZ,2020,17.7,,
ICTSKILLSOFT,KAZ,2021,17.4,,
ICTSKILLSOFT,KAZ,2022,19.3,,
ICTSKILLSOFT,KOR,2020,54.2,,
ICTSKILLSOFT,KOR,2021,83.6,,
ICTSKILLSOFT,KOR,2022,72.5,,
ICTSKILLSOFT,KWT,2020,65.1,,
ICTSKILLSOFT,KWT,2021,65.1,,
ICTSKILLSOFT,KWT,2023,61.4,,
ICTSKILLSOFT,LTU,2021,45,,
ICTSKILLSOFT,LUX,2021,58,,
ICTSKILLSOFT,LUX,2023,56.7,,
ICTSKILLSOFT,LVA,2021,84,,
ICTSKILLSOFT,LVA,2023,38.5,,
ICTSKILLSOFT,MAC,2021,40.9,,
ICTSKILLSOFT,MAR,2020,36.8,,
ICTSKILLSOFT,MAR,2021,40.3,,
ICTSKILLSOFT,MEX,2020,18.1,,
ICTSKILLSOFT,MEX,2021,18.5,,
ICTSKILLSOFT,MEX,2022,18.3,,
ICTSKILLSOFT,MLT,2020,57.9,,
ICTSKILLSOFT,MLT,2021,59.9,,
ICTSKILLSOFT,MNE,2020,45.4,,
ICTSKILLSOFT,MNE,2021,49.1,,
ICTSKILLSOFT,MNE,2022,50.2,,
ICTSKILLSOFT,MNG,2021,32.7,,
ICTSKILLSOFT,MUS,2020,19.2,,
ICTSKILLSOFT,MYS,2020,46.2,,
ICTSKILLSOFT,MYS,2021,55.9,,
ICTSKILLSOFT,MYS,2022,58.2,,
ICTSKILLSOFT,NER,2022,6.4,,
ICTSKILLSOFT,NOR,2021,73,,
ICTSKILLSOFT,OMN,2020,66.9,,
ICTSKILLSOFT,PAK,2020,2.4,,
ICTSKILLSOFT,PER,2022,11.3,,
ICTSKILLSOFT,POL,2020,46.3,,
ICTSKILLSOFT,POL,2021,44.2,,
ICTSKILLSOFT,POL,2022,52.2,,
ICTSKILLSOFT,PRT,2021,35.3,,
ICTSKILLSOFT,QAT,2020,37.1,,
ICTSKILLSOFT,ROU,2021,24.7,,
ICTSKILLSOFT,RUS,2020,5.9,,
ICTSKILLSOFT,RUS,2021,6.1,,
ICTSKILLSOFT,RUS,2022,7.5,,
ICTSKILLSOFT,SAU,2020,81.8,,
ICTSKILLSOFT,SAU,2021,89.5,,
ICTSKILLSOFT,SAU,2022,90.5,,
ICTSKILLSOFT,SGP,2020,50.4,,
ICTSKILLSOFT,SGP,2021,60.5,,
ICTSKILLSOFT,SGP,2022,55.6,,
ICTSKILLSOFT,SRB,2021,49.2,,
ICTSKILLSOFT,SVK,2021,38.8,,
ICTSKILLSOFT,SVN,2021,40.9,,
ICTSKILLSOFT,SWE,2021,45,,
ICTSKILLSOFT,SWE,2023,61.3,,
ICTSKILLSOFT,THA,2020,5.1,,
ICTSKILLSOFT,TUR,2021,34.4,,
ICTSKILLSOFT,UKR,2020,8.6,,
ICTSKILLSOFT,UKR,2021,9.6,,
ICTSKILLSOFT,URY,2022,42.3,,
ICTSKILLSOFT,UZB,2020,5.1,,
ICTSKILLSOFT,UZB,2021,5.4,,
ICTSKILLSOFT,UZB,2022,7.2,,
ICTSKILLSOFT,VNM,2021,9.5,,
ICTSKILLSOFT,ZWE,2020,9.1,,
ODAFLOW.VOLUMESCHOLARSHIP,AFG,2020,10682063,,
ODAFLOW.VOLUMESCHOLARSHIP,AFG,2021,14297697,,
ODAFLOW.VOLUMESCHOLARSHIP,AFG,2022,15804241,,
ODAFLOW.VOLUMESCHOLARSHIP,AFG,2023,17525156,,
ODAFLOW.VOLUMESCHOLARSHIP,AGO,2020,3855165,,
ODAFLOW.VOLUMESCHOLARSHIP,AGO,2021,3699319,,
ODAFLOW.VOLUMESCHOLARSHIP,AGO,2022,4700201,,
ODAFLOW.VOLUMESCHOLARSHIP,AGO,2023,4487127,,
ODAFLOW.VOLUMESCHOLARSHIP,ALB,2020,7644546,,
ODAFLOW.VOLUMESCHOLARSHIP,ALB,2021,8949959,,
ODAFLOW.VOLUMESCHOLARSHIP,ALB,2022,10069858,,
ODAFLOW.VOLUMESCHOLARSHIP,ALB,2023,10539791,,
ODAFLOW.VOLUMESCHOLARSHIP,ARG,2020,3720279,,
ODAFLOW.VOLUMESCHOLARSHIP,ARG,2021,2421354,,
ODAFLOW.VOLUMESCHOLARSHIP,ARG,2022,4029196,,
ODAFLOW.VOLUMESCHOLARSHIP,ARG,2023,3206444,,
ODAFLOW.VOLUMESCHOLARSHIP,ARM,2020,4484741,,
ODAFLOW.VOLUMESCHOLARSHIP,ARM,2021,4254410,,
ODAFLOW.VOLUMESCHOLARSHIP,ARM,2022,4433420,,
ODAFLOW.VOLUMESCHOLARSHIP,ARM,2023,4870129,,
ODAFLOW.VOLUMESCHOLARSHIP,ATG,2020,114787,,
ODAFLOW.VOLUMESCHOLARSHIP,ATG,2021,118806,,
ODAFLOW.VOLUMESCHOLARSHIP,AZE,2020,8892770,,
ODAFLOW.VOLUMESCHOLARSHIP,AZE,2021,10208732,,
ODAFLOW.VOLUMESCHOLARSHIP,AZE,2022,10063444,,
ODAFLOW.VOLUMESCHOLARSHIP,AZE,2023,9234618,,
ODAFLOW.VOLUMESCHOLARSHIP,BDI,2020,1564586,,
ODAFLOW.VOLUMESCHOLARSHIP,BDI,2021,1882687,,
ODAFLOW.VOLUMESCHOLARSHIP,BDI,2022,1535363,,
ODAFLOW.VOLUMESCHOLARSHIP,BDI,2023,4353866,,
ODAFLOW.VOLUMESCHOLARSHIP,BEN,2020,3128134,,
ODAFLOW.VOLUMESCHOLARSHIP,BEN,2021,4563945,,
ODAFLOW.VOLUMESCHOLARSHIP,BEN,2022,5433634,,
ODAFLOW.VOLUMESCHOLARSHIP,BEN,2023,8062143,,
ODAFLOW.VOLUMESCHOLARSHIP,BFA,2020,2616461,,
ODAFLOW.VOLUMESCHOLARSHIP,BFA,2021,3780737,,
ODAFLOW.VOLUMESCHOLARSHIP,BFA,2022,4338255,,
ODAFLOW.VOLUMESCHOLARSHIP,BFA,2023,7433920,,
ODAFLOW.VOLUMESCHOLARSHIP,BGD,2020,14032715,,
ODAFLOW.VOLUMESCHOLARSHIP,BGD,2021,13038973,,
ODAFLOW.VOLUMESCHOLARSHIP,BGD,2022,17031014,,
ODAFLOW.VOLUMESCHOLARSHIP,BGD,2023,38322648,,
ODAFLOW.VOLUMESCHOLARSHIP,BIH,2020,3483525,,
ODAFLOW.VOLUMESCHOLARSHIP,BIH,2021,3363211,,
ODAFLOW.VOLUMESCHOLARSHIP,BIH,2022,2812901,,
ODAFLOW.VOLUMESCHOLARSHIP,BIH,2023,3482720,,
ODAFLOW.VOLUMESCHOLARSHIP,BLR,2020,6657654,,
ODAFLOW.VOLUMESCHOLARSHIP,BLR,2021,10347908,,
ODAFLOW.VOLUMESCHOLARSHIP,BLR,2022,4685106,,
ODAFLOW.VOLUMESCHOLARSHIP,BLR,2023,4984792,,
ODAFLOW.VOLUMESCHOLARSHIP,BLZ,2020,208531,,
ODAFLOW.VOLUMESCHOLARSHIP,BLZ,2021,217218,,
ODAFLOW.VOLUMESCHOLARSHIP,BLZ,2022,256716,,
ODAFLOW.VOLUMESCHOLARSHIP,BLZ,2023,1572343,,
ODAFLOW.VOLUMESCHOLARSHIP,BOL,2020,1931639,,
ODAFLOW.VOLUMESCHOLARSHIP,BOL,2021,991452,,
ODAFLOW.VOLUMESCHOLARSHIP,BOL,2022,1450958,,
ODAFLOW.VOLUMESCHOLARSHIP,BOL,2023,1303215,,
ODAFLOW.VOLUMESCHOLARSHIP,BRA,2020,19952580,,
ODAFLOW.VOLUMESCHOLARSHIP,BRA,2021,18045726,,
ODAFLOW.VOLUMESCHOLARSHIP,BRA,2022,27457488,,
ODAFLOW.VOLUMESCHOLARSHIP,BRA,2023,22382436,,
ODAFLOW.VOLUMESCHOLARSHIP,BTN,2020,2054547,,
ODAFLOW.VOLUMESCHOLARSHIP,BTN,2021,1105700,,
ODAFLOW.VOLUMESCHOLARSHIP,BTN,2022,2061920,,
ODAFLOW.VOLUMESCHOLARSHIP,BTN,2023,3545465,,
ODAFLOW.VOLUMESCHOLARSHIP,BWA,2020,1241940,,
ODAFLOW.VOLUMESCHOLARSHIP,BWA,2021,441795,,
ODAFLOW.VOLUMESCHOLARSHIP,BWA,2022,460816,,
ODAFLOW.VOLUMESCHOLARSHIP,BWA,2023,559597,,
ODAFLOW.VOLUMESCHOLARSHIP,CAF,2020,3054881,,
ODAFLOW.VOLUMESCHOLARSHIP,CAF,2021,2150423,,
ODAFLOW.VOLUMESCHOLARSHIP,CAF,2022,2376892,,
ODAFLOW.VOLUMESCHOLARSHIP,CAF,2023,1925270,,
ODAFLOW.VOLUMESCHOLARSHIP,CHN,2020,35033624,,
ODAFLOW.VOLUMESCHOLARSHIP,CHN,2021,16642147,,
ODAFLOW.VOLUMESCHOLARSHIP,CHN,2022,27547084,,
ODAFLOW.VOLUMESCHOLARSHIP,CHN,2023,22794460,,
ODAFLOW.VOLUMESCHOLARSHIP,CIV,2020,9475741,,
ODAFLOW.VOLUMESCHOLARSHIP,CIV,2021,8710522,,
ODAFLOW.VOLUMESCHOLARSHIP,CIV,2022,9305985,,
ODAFLOW.VOLUMESCHOLARSHIP,CIV,2023,12123135,,
ODAFLOW.VOLUMESCHOLARSHIP,CMR,2020,12781271,,
ODAFLOW.VOLUMESCHOLARSHIP,CMR,2021,11198467,,
ODAFLOW.VOLUMESCHOLARSHIP,CMR,2022,11247027,,
ODAFLOW.VOLUMESCHOLARSHIP,CMR,2023,13142229,,
ODAFLOW.VOLUMESCHOLARSHIP,COD,2020,4765939,,
ODAFLOW.VOLUMESCHOLARSHIP,COD,2021,6997011,,
ODAFLOW.VOLUMESCHOLARSHIP,COD,2022,6754508,,
ODAFLOW.VOLUMESCHOLARSHIP,COD,2023,5943217,,
ODAFLOW.VOLUMESCHOLARSHIP,COG,2020,6832712,,
ODAFLOW.VOLUMESCHOLARSHIP,COG,2021,5338385,,
ODAFLOW.VOLUMESCHOLARSHIP,COG,2022,5773421,,
ODAFLOW.VOLUMESCHOLARSHIP,COG,2023,7543307,,
ODAFLOW.VOLUMESCHOLARSHIP,COL,2020,9085469,,
ODAFLOW.VOLUMESCHOLARSHIP,COL,2021,6120122,,
ODAFLOW.VOLUMESCHOLARSHIP,COL,2022,7369512,,
ODAFLOW.VOLUMESCHOLARSHIP,COL,2023,7242583,,
ODAFLOW.VOLUMESCHOLARSHIP,COM,2020,6843609,,
ODAFLOW.VOLUMESCHOLARSHIP,COM,2021,5688869,,
ODAFLOW.VOLUMESCHOLARSHIP,COM,2022,6560902,,
ODAFLOW.VOLUMESCHOLARSHIP,COM,2023,9243887,,
ODAFLOW.VOLUMESCHOLARSHIP,CPV,2020,1923722,,
ODAFLOW.VOLUMESCHOLARSHIP,CPV,2021,2118740,,
ODAFLOW.VOLUMESCHOLARSHIP,CPV,2022,2008884,,
ODAFLOW.VOLUMESCHOLARSHIP,CPV,2023,2039792,,
ODAFLOW.VOLUMESCHOLARSHIP,CRI,2020,992306,,
ODAFLOW.VOLUMESCHOLARSHIP,CRI,2021,888304,,
ODAFLOW.VOLUMESCHOLARSHIP,CRI,2022,1051922,,
ODAFLOW.VOLUMESCHOLARSHIP,CRI,2023,1098088,,
ODAFLOW.VOLUMESCHOLARSHIP,CUB,2020,1639095,,
ODAFLOW.VOLUMESCHOLARSHIP,CUB,2021,1401946,,
ODAFLOW.VOLUMESCHOLARSHIP,CUB,2022,1793964,,
ODAFLOW.VOLUMESCHOLARSHIP,CUB,2023,1976002,,
ODAFLOW.VOLUMESCHOLARSHIP,DJI,2020,1824603,,
ODAFLOW.VOLUMESCHOLARSHIP,DJI,2021,1439774,,
ODAFLOW.VOLUMESCHOLARSHIP,DJI,2022,1471706,,
ODAFLOW.VOLUMESCHOLARSHIP,DJI,2023,1895465,,
ODAFLOW.VOLUMESCHOLARSHIP,DMA,2020,429527,,
ODAFLOW.VOLUMESCHOLARSHIP,DMA,2021,242352,,
ODAFLOW.VOLUMESCHOLARSHIP,DMA,2022,238246,,
ODAFLOW.VOLUMESCHOLARSHIP,DMA,2023,245788,,
ODAFLOW.VOLUMESCHOLARSHIP,DOM,2020,863601,,
ODAFLOW.VOLUMESCHOLARSHIP,DOM,2021,1473013,,
ODAFLOW.VOLUMESCHOLARSHIP,DOM,2022,1388267,,
ODAFLOW.VOLUMESCHOLARSHIP,DOM,2023,1192698,,
ODAFLOW.VOLUMESCHOLARSHIP,DZA,2020,20482112,,
ODAFLOW.VOLUMESCHOLARSHIP,DZA,2021,21430408,,
ODAFLOW.VOLUMESCHOLARSHIP,DZA,2022,23297244,,
ODAFLOW.VOLUMESCHOLARSHIP,DZA,2023,27009256,,
ODAFLOW.VOLUMESCHOLARSHIP,ECU,2020,3360719,,
ODAFLOW.VOLUMESCHOLARSHIP,ECU,2021,2892294,,
ODAFLOW.VOLUMESCHOLARSHIP,ECU,2022,3964409,,
ODAFLOW.VOLUMESCHOLARSHIP,ECU,2023,2968605,,
ODAFLOW.VOLUMESCHOLARSHIP,EGY,2020,19006532,,
ODAFLOW.VOLUMESCHOLARSHIP,EGY,2021,14717418,,
ODAFLOW.VOLUMESCHOLARSHIP,EGY,2022,14192997,,
ODAFLOW.VOLUMESCHOLARSHIP,EGY,2023,19073354,,
ODAFLOW.VOLUMESCHOLARSHIP,ERI,2020,1577094,,
ODAFLOW.VOLUMESCHOLARSHIP,ERI,2021,699566,,
ODAFLOW.VOLUMESCHOLARSHIP,ERI,2022,702689,,
ODAFLOW.VOLUMESCHOLARSHIP,ERI,2023,13842677,,
ODAFLOW.VOLUMESCHOLARSHIP,ETH,2020,10594069,,
ODAFLOW.VOLUMESCHOLARSHIP,ETH,2021,12891660,,
ODAFLOW.VOLUMESCHOLARSHIP,ETH,2022,17669640,,
ODAFLOW.VOLUMESCHOLARSHIP,ETH,2023,21806264,,
ODAFLOW.VOLUMESCHOLARSHIP,FJI,2020,6029606,,
ODAFLOW.VOLUMESCHOLARSHIP,FJI,2021,1300679,,
ODAFLOW.VOLUMESCHOLARSHIP,FJI,2022,2577392,,
ODAFLOW.VOLUMESCHOLARSHIP,FJI,2023,4674025,,
ODAFLOW.VOLUMESCHOLARSHIP,FSM,2020,111235,,
ODAFLOW.VOLUMESCHOLARSHIP,FSM,2021,70619,,
ODAFLOW.VOLUMESCHOLARSHIP,FSM,2022,61066,,
ODAFLOW.VOLUMESCHOLARSHIP,FSM,2023,61452,,
ODAFLOW.VOLUMESCHOLARSHIP,GAB,2020,2783538,,
ODAFLOW.VOLUMESCHOLARSHIP,GAB,2021,2885188,,
ODAFLOW.VOLUMESCHOLARSHIP,GAB,2022,2993543,,
ODAFLOW.VOLUMESCHOLARSHIP,GAB,2023,3581919,,
ODAFLOW.VOLUMESCHOLARSHIP,GEO,2020,8171119,,
ODAFLOW.VOLUMESCHOLARSHIP,GEO,2021,5948383,,
ODAFLOW.VOLUMESCHOLARSHIP,GEO,2022,6492785,,
ODAFLOW.VOLUMESCHOLARSHIP,GEO,2023,6519295,,
ODAFLOW.VOLUMESCHOLARSHIP,GHA,2020,13607784,,
ODAFLOW.VOLUMESCHOLARSHIP,GHA,2021,10904422,,
ODAFLOW.VOLUMESCHOLARSHIP,GHA,2022,12217339,,
ODAFLOW.VOLUMESCHOLARSHIP,GHA,2023,13169188,,
ODAFLOW.VOLUMESCHOLARSHIP,GIN,2020,7563625,,
ODAFLOW.VOLUMESCHOLARSHIP,GIN,2021,6582987,,
ODAFLOW.VOLUMESCHOLARSHIP,GIN,2022,6685299,,
ODAFLOW.VOLUMESCHOLARSHIP,GIN,2023,11799012,,
ODAFLOW.VOLUMESCHOLARSHIP,GMB,2020,4434040,,
ODAFLOW.VOLUMESCHOLARSHIP,GMB,2021,3683307,,
ODAFLOW.VOLUMESCHOLARSHIP,GMB,2022,4162378,,
ODAFLOW.VOLUMESCHOLARSHIP,GMB,2023,8535523,,
ODAFLOW.VOLUMESCHOLARSHIP,GNB,2020,1956177,,
ODAFLOW.VOLUMESCHOLARSHIP,GNB,2021,1494137,,
ODAFLOW.VOLUMESCHOLARSHIP,GNB,2022,1527289,,
ODAFLOW.VOLUMESCHOLARSHIP,GNB,2023,3324470,,
ODAFLOW.VOLUMESCHOLARSHIP,GNQ,2020,526700,,
ODAFLOW.VOLUMESCHOLARSHIP,GNQ,2021,429074,,
ODAFLOW.VOLUMESCHOLARSHIP,GNQ,2022,485912,,
ODAFLOW.VOLUMESCHOLARSHIP,GNQ,2023,203057,,
ODAFLOW.VOLUMESCHOLARSHIP,GRD,2020,118025,,
ODAFLOW.VOLUMESCHOLARSHIP,GRD,2021,90685,,
ODAFLOW.VOLUMESCHOLARSHIP,GRD,2022,102850,,
ODAFLOW.VOLUMESCHOLARSHIP,GRD,2023,22469,,
ODAFLOW.VOLUMESCHOLARSHIP,GTM,2020,1022763,,
ODAFLOW.VOLUMESCHOLARSHIP,GTM,2021,1374671,,
ODAFLOW.VOLUMESCHOLARSHIP,GTM,2022,1535784,,
ODAFLOW.VOLUMESCHOLARSHIP,GTM,2023,2905742,,
ODAFLOW.VOLUMESCHOLARSHIP,GUY,2020,468722,,
ODAFLOW.VOLUMESCHOLARSHIP,GUY,2021,517735,,
ODAFLOW.VOLUMESCHOLARSHIP,GUY,2022,647514,,
ODAFLOW.VOLUMESCHOLARSHIP,GUY,2023,1600344,,
ODAFLOW.VOLUMESCHOLARSHIP,HND,2020,820231,,
ODAFLOW.VOLUMESCHOLARSHIP,HND,2021,739873,,
ODAFLOW.VOLUMESCHOLARSHIP,HND,2022,977527,,
ODAFLOW.VOLUMESCHOLARSHIP,HND,2023,1072053,,
ODAFLOW.VOLUMESCHOLARSHIP,HTI,2020,4509674,,
ODAFLOW.VOLUMESCHOLARSHIP,HTI,2021,4409415,,
ODAFLOW.VOLUMESCHOLARSHIP,HTI,2022,4900600,,
ODAFLOW.VOLUMESCHOLARSHIP,HTI,2023,6439895,,
ODAFLOW.VOLUMESCHOLARSHIP,IDN,2020,61838248,,
ODAFLOW.VOLUMESCHOLARSHIP,IDN,2021,20974480,,
ODAFLOW.VOLUMESCHOLARSHIP,IDN,2022,36208092,,
ODAFLOW.VOLUMESCHOLARSHIP,IDN,2023,58866220,,
ODAFLOW.VOLUMESCHOLARSHIP,IND,2020,28491812,,
ODAFLOW.VOLUMESCHOLARSHIP,IND,2021,20588106,,
ODAFLOW.VOLUMESCHOLARSHIP,IND,2022,67883440,,
ODAFLOW.VOLUMESCHOLARSHIP,IND,2023,58431940,,
ODAFLOW.VOLUMESCHOLARSHIP,IRN,2020,13992923,,
ODAFLOW.VOLUMESCHOLARSHIP,IRN,2021,11276711,,
ODAFLOW.VOLUMESCHOLARSHIP,IRN,2022,29315346,,
ODAFLOW.VOLUMESCHOLARSHIP,IRN,2023,28938880,,
ODAFLOW.VOLUMESCHOLARSHIP,IRQ,2020,7527753,,
ODAFLOW.VOLUMESCHOLARSHIP,IRQ,2021,10147873,,
ODAFLOW.VOLUMESCHOLARSHIP,IRQ,2022,10736180,,
ODAFLOW.VOLUMESCHOLARSHIP,IRQ,2023,10339873,,
ODAFLOW.VOLUMESCHOLARSHIP,JAM,2020,930599,,
ODAFLOW.VOLUMESCHOLARSHIP,JAM,2021,1089513,,
ODAFLOW.VOLUMESCHOLARSHIP,JAM,2022,787026,,
ODAFLOW.VOLUMESCHOLARSHIP,JAM,2023,398080,,
ODAFLOW.VOLUMESCHOLARSHIP,JOR,2020,17547338,,
ODAFLOW.VOLUMESCHOLARSHIP,JOR,2021,15206337,,
ODAFLOW.VOLUMESCHOLARSHIP,JOR,2022,20095636,,
ODAFLOW.VOLUMESCHOLARSHIP,JOR,2023,19868236,,
ODAFLOW.VOLUMESCHOLARSHIP,KAZ,2020,10651866,,
ODAFLOW.VOLUMESCHOLARSHIP,KAZ,2021,9982681,,
ODAFLOW.VOLUMESCHOLARSHIP,KAZ,2022,16086513,,
ODAFLOW.VOLUMESCHOLARSHIP,KAZ,2023,17678528,,
ODAFLOW.VOLUMESCHOLARSHIP,KEN,2020,11587469,,
ODAFLOW.VOLUMESCHOLARSHIP,KEN,2021,7943509,,
ODAFLOW.VOLUMESCHOLARSHIP,KEN,2022,9501020,,
ODAFLOW.VOLUMESCHOLARSHIP,KEN,2023,10028404,,
ODAFLOW.VOLUMESCHOLARSHIP,KGZ,2020,7397483,,
ODAFLOW.VOLUMESCHOLARSHIP,KGZ,2021,8265740,,
ODAFLOW.VOLUMESCHOLARSHIP,KGZ,2022,9542628,,
ODAFLOW.VOLUMESCHOLARSHIP,KGZ,2023,11814117,,
ODAFLOW.VOLUMESCHOLARSHIP,KHM,2020,15231465,,
ODAFLOW.VOLUMESCHOLARSHIP,KHM,2021,7924815,,
ODAFLOW.VOLUMESCHOLARSHIP,KHM,2022,11443388,,
ODAFLOW.VOLUMESCHOLARSHIP,KHM,2023,19032916,,
ODAFLOW.VOLUMESCHOLARSHIP,KIR,2020,3599602,,
ODAFLOW.VOLUMESCHOLARSHIP,KIR,2021,1559510,,
ODAFLOW.VOLUMESCHOLARSHIP,KIR,2022,2180908,,
ODAFLOW.VOLUMESCHOLARSHIP,KIR,2023,2386505,,
ODAFLOW.VOLUMESCHOLARSHIP,LAO,2020,11109476,,
ODAFLOW.VOLUMESCHOLARSHIP,LAO,2021,7639480,,
ODAFLOW.VOLUMESCHOLARSHIP,LAO,2022,9912979,,
ODAFLOW.VOLUMESCHOLARSHIP,LAO,2023,11591229,,
ODAFLOW.VOLUMESCHOLARSHIP,LBN,2020,6917367,,
ODAFLOW.VOLUMESCHOLARSHIP,LBN,2021,6814555,,
ODAFLOW.VOLUMESCHOLARSHIP,LBN,2022,11449400,,
ODAFLOW.VOLUMESCHOLARSHIP,LBN,2023,11608047,,
ODAFLOW.VOLUMESCHOLARSHIP,LBR,2020,1534624,,
ODAFLOW.VOLUMESCHOLARSHIP,LBR,2021,1315601,,
ODAFLOW.VOLUMESCHOLARSHIP,LBR,2022,1364488,,
ODAFLOW.VOLUMESCHOLARSHIP,LBR,2023,5430008,,
ODAFLOW.VOLUMESCHOLARSHIP,LBY,2020,3438185,,
ODAFLOW.VOLUMESCHOLARSHIP,LBY,2021,3231335,,
ODAFLOW.VOLUMESCHOLARSHIP,LBY,2022,2904774,,
ODAFLOW.VOLUMESCHOLARSHIP,LBY,2023,6528826,,
ODAFLOW.VOLUMESCHOLARSHIP,LCA,2020,571201,,
ODAFLOW.VOLUMESCHOLARSHIP,LCA,2021,479998,,
ODAFLOW.VOLUMESCHOLARSHIP,LCA,2022,281533,,
ODAFLOW.VOLUMESCHOLARSHIP,LCA,2023,90744,,
ODAFLOW.VOLUMESCHOLARSHIP,LKA,2020,9737355,,
ODAFLOW.VOLUMESCHOLARSHIP,LKA,2021,5811590,,
ODAFLOW.VOLUMESCHOLARSHIP,LKA,2022,9736754,,
ODAFLOW.VOLUMESCHOLARSHIP,LKA,2023,12415304,,
ODAFLOW.VOLUMESCHOLARSHIP,LSO,2020,346454,,
ODAFLOW.VOLUMESCHOLARSHIP,LSO,2021,344230,,
ODAFLOW.VOLUMESCHOLARSHIP,LSO,2022,334151,,
ODAFLOW.VOLUMESCHOLARSHIP,LSO,2023,211013,,
ODAFLOW.VOLUMESCHOLARSHIP,MAR,2020,26376128,,
ODAFLOW.VOLUMESCHOLARSHIP,MAR,2021,25394320,,
ODAFLOW.VOLUMESCHOLARSHIP,MAR,2022,28869656,,
ODAFLOW.VOLUMESCHOLARSHIP,MAR,2023,28875972,,
ODAFLOW.VOLUMESCHOLARSHIP,MDA,2020,54776268,,
ODAFLOW.VOLUMESCHOLARSHIP,MDA,2021,52967412,,
ODAFLOW.VOLUMESCHOLARSHIP,MDA,2022,46683364,,
ODAFLOW.VOLUMESCHOLARSHIP,MDA,2023,50809036,,
ODAFLOW.VOLUMESCHOLARSHIP,MDG,2020,3622330,,
ODAFLOW.VOLUMESCHOLARSHIP,MDG,2021,3005997,,
ODAFLOW.VOLUMESCHOLARSHIP,MDG,2022,3219484,,
ODAFLOW.VOLUMESCHOLARSHIP,MDG,2023,4536427,,
ODAFLOW.VOLUMESCHOLARSHIP,MDV,2020,2132686,,
ODAFLOW.VOLUMESCHOLARSHIP,MDV,2021,819881,,
ODAFLOW.VOLUMESCHOLARSHIP,MDV,2022,1415279,,
ODAFLOW.VOLUMESCHOLARSHIP,MDV,2023,3360341,,
ODAFLOW.VOLUMESCHOLARSHIP,MEX,2020,8291139,,
ODAFLOW.VOLUMESCHOLARSHIP,MEX,2021,6830136,,
ODAFLOW.VOLUMESCHOLARSHIP,MEX,2022,9763057,,
ODAFLOW.VOLUMESCHOLARSHIP,MEX,2023,6644362,,
ODAFLOW.VOLUMESCHOLARSHIP,MHL,2020,93410,,
ODAFLOW.VOLUMESCHOLARSHIP,MHL,2021,53745,,
ODAFLOW.VOLUMESCHOLARSHIP,MHL,2022,65962,,
ODAFLOW.VOLUMESCHOLARSHIP,MHL,2023,116791,,
ODAFLOW.VOLUMESCHOLARSHIP,MKD,2020,2870250,,
ODAFLOW.VOLUMESCHOLARSHIP,MKD,2021,3003104,,
ODAFLOW.VOLUMESCHOLARSHIP,MKD,2022,2229488,,
ODAFLOW.VOLUMESCHOLARSHIP,MKD,2023,2753983,,
ODAFLOW.VOLUMESCHOLARSHIP,MLI,2020,7358200,,
ODAFLOW.VOLUMESCHOLARSHIP,MLI,2021,6253686,,
ODAFLOW.VOLUMESCHOLARSHIP,MLI,2022,6381230,,
ODAFLOW.VOLUMESCHOLARSHIP,MLI,2023,7921271,,
ODAFLOW.VOLUMESCHOLARSHIP,MMR,2020,15252449,,
ODAFLOW.VOLUMESCHOLARSHIP,MMR,2021,7563213,,
ODAFLOW.VOLUMESCHOLARSHIP,MMR,2022,7513081,,
ODAFLOW.VOLUMESCHOLARSHIP,MMR,2023,13642256,,
ODAFLOW.VOLUMESCHOLARSHIP,MNE,2020,1612589,,
ODAFLOW.VOLUMESCHOLARSHIP,MNE,2021,2032871,,
ODAFLOW.VOLUMESCHOLARSHIP,MNE,2022,1782089,,
ODAFLOW.VOLUMESCHOLARSHIP,MNE,2023,1597851,,
ODAFLOW.VOLUMESCHOLARSHIP,MNG,2020,14194521,,
ODAFLOW.VOLUMESCHOLARSHIP,MNG,2021,11157486,,
ODAFLOW.VOLUMESCHOLARSHIP,MNG,2022,14080375,,
ODAFLOW.VOLUMESCHOLARSHIP,MNG,2023,12272582,,
ODAFLOW.VOLUMESCHOLARSHIP,MOZ,2020,3069002,,
ODAFLOW.VOLUMESCHOLARSHIP,MOZ,2021,1997743,,
ODAFLOW.VOLUMESCHOLARSHIP,MOZ,2022,2104219,,
ODAFLOW.VOLUMESCHOLARSHIP,MOZ,2023,3377119,,
ODAFLOW.VOLUMESCHOLARSHIP,MRT,2020,2431051,,
ODAFLOW.VOLUMESCHOLARSHIP,MRT,2021,1997065,,
ODAFLOW.VOLUMESCHOLARSHIP,MRT,2022,1948902,,
ODAFLOW.VOLUMESCHOLARSHIP,MRT,2023,3115110,,
ODAFLOW.VOLUMESCHOLARSHIP,MSR,2020,70592,,
ODAFLOW.VOLUMESCHOLARSHIP,MSR,2021,68729,,
ODAFLOW.VOLUMESCHOLARSHIP,MSR,2022,57286,,
ODAFLOW.VOLUMESCHOLARSHIP,MUS,2020,1858558,,
ODAFLOW.VOLUMESCHOLARSHIP,MUS,2021,1235085,,
ODAFLOW.VOLUMESCHOLARSHIP,MUS,2022,1516915,,
ODAFLOW.VOLUMESCHOLARSHIP,MUS,2023,1205935,,
ODAFLOW.VOLUMESCHOLARSHIP,MWI,2020,2225469,,
ODAFLOW.VOLUMESCHOLARSHIP,MWI,2021,2144970,,
ODAFLOW.VOLUMESCHOLARSHIP,MWI,2022,1485079,,
ODAFLOW.VOLUMESCHOLARSHIP,MWI,2023,1808935,,
ODAFLOW.VOLUMESCHOLARSHIP,MYS,2020,9962444,,
ODAFLOW.VOLUMESCHOLARSHIP,MYS,2021,7367160,,
ODAFLOW.VOLUMESCHOLARSHIP,MYS,2022,8061700,,
ODAFLOW.VOLUMESCHOLARSHIP,MYS,2023,7744175,,
ODAFLOW.VOLUMESCHOLARSHIP,NAM,2020,926900,,
ODAFLOW.VOLUMESCHOLARSHIP,NAM,2021,907239,,
ODAFLOW.VOLUMESCHOLARSHIP,NAM,2022,720024,,
ODAFLOW.VOLUMESCHOLARSHIP,NAM,2023,490816,,
ODAFLOW.VOLUMESCHOLARSHIP,NER,2020,2604494,,
ODAFLOW.VOLUMESCHOLARSHIP,NER,2021,1600972,,
ODAFLOW.VOLUMESCHOLARSHIP,NER,2022,2260472,,
ODAFLOW.VOLUMESCHOLARSHIP,NER,2023,3901195,,
ODAFLOW.VOLUMESCHOLARSHIP,NGA,2020,19776628,,
ODAFLOW.VOLUMESCHOLARSHIP,NGA,2021,12911171,,
ODAFLOW.VOLUMESCHOLARSHIP,NGA,2022,14604953,,
ODAFLOW.VOLUMESCHOLARSHIP,NGA,2023,17163252,,
ODAFLOW.VOLUMESCHOLARSHIP,NIC,2020,667573,,
ODAFLOW.VOLUMESCHOLARSHIP,NIC,2021,400777,,
ODAFLOW.VOLUMESCHOLARSHIP,NIC,2022,423854,,
ODAFLOW.VOLUMESCHOLARSHIP,NIC,2023,405266,,
ODAFLOW.VOLUMESCHOLARSHIP,NIU,2020,189740,,
ODAFLOW.VOLUMESCHOLARSHIP,NIU,2021,234374,,
ODAFLOW.VOLUMESCHOLARSHIP,NIU,2022,160032,,
ODAFLOW.VOLUMESCHOLARSHIP,NIU,2023,271593,,
ODAFLOW.VOLUMESCHOLARSHIP,NPL,2020,8824192,,
ODAFLOW.VOLUMESCHOLARSHIP,NPL,2021,7026216,,
ODAFLOW.VOLUMESCHOLARSHIP,NPL,2022,7842934,,
ODAFLOW.VOLUMESCHOLARSHIP,NPL,2023,12369102,,
ODAFLOW.VOLUMESCHOLARSHIP,NRU,2020,1089506,,
ODAFLOW.VOLUMESCHOLARSHIP,NRU,2021,161567,,
ODAFLOW.VOLUMESCHOLARSHIP,NRU,2022,843636,,
ODAFLOW.VOLUMESCHOLARSHIP,NRU,2023,1244427,,
ODAFLOW.VOLUMESCHOLARSHIP,PAK,2020,22700762,,
ODAFLOW.VOLUMESCHOLARSHIP,PAK,2021,23457284,,
ODAFLOW.VOLUMESCHOLARSHIP,PAK,2022,30799592,,
ODAFLOW.VOLUMESCHOLARSHIP,PAK,2023,34676264,,
ODAFLOW.VOLUMESCHOLARSHIP,PAN,2020,734168,,
ODAFLOW.VOLUMESCHOLARSHIP,PAN,2021,703935,,
ODAFLOW.VOLUMESCHOLARSHIP,PAN,2022,956335,,
ODAFLOW.VOLUMESCHOLARSHIP,PAN,2023,1002918,,
ODAFLOW.VOLUMESCHOLARSHIP,PER,2020,3994767,,
ODAFLOW.VOLUMESCHOLARSHIP,PER,2021,3516875,,
ODAFLOW.VOLUMESCHOLARSHIP,PER,2022,4238460,,
ODAFLOW.VOLUMESCHOLARSHIP,PER,2023,3117350,,
ODAFLOW.VOLUMESCHOLARSHIP,PHL,2020,18493756,,
ODAFLOW.VOLUMESCHOLARSHIP,PHL,2021,11415410,,
ODAFLOW.VOLUMESCHOLARSHIP,PHL,2022,14235866,,
ODAFLOW.VOLUMESCHOLARSHIP,PHL,2023,25472340,,
ODAFLOW.VOLUMESCHOLARSHIP,PLW,2020,40128,,
ODAFLOW.VOLUMESCHOLARSHIP,PLW,2021,42934,,
ODAFLOW.VOLUMESCHOLARSHIP,PLW,2022,12047,,
ODAFLOW.VOLUMESCHOLARSHIP,PLW,2023,67417,,
ODAFLOW.VOLUMESCHOLARSHIP,PNG,2020,12951463,,
ODAFLOW.VOLUMESCHOLARSHIP,PNG,2021,2683190,,
ODAFLOW.VOLUMESCHOLARSHIP,PNG,2022,4935238,,
ODAFLOW.VOLUMESCHOLARSHIP,PNG,2023,10360775,,
ODAFLOW.VOLUMESCHOLARSHIP,PRK,2020,64625,,
ODAFLOW.VOLUMESCHOLARSHIP,PRK,2021,111303,,
ODAFLOW.VOLUMESCHOLARSHIP,PRK,2022,739650,,
ODAFLOW.VOLUMESCHOLARSHIP,PRK,2023,944639,,
ODAFLOW.VOLUMESCHOLARSHIP,PRY,2020,1153459,,
ODAFLOW.VOLUMESCHOLARSHIP,PRY,2021,1350745,,
ODAFLOW.VOLUMESCHOLARSHIP,PRY,2022,1382490,,
ODAFLOW.VOLUMESCHOLARSHIP,PRY,2023,2460114,,
ODAFLOW.VOLUMESCHOLARSHIP,PSE,2020,10271766,,
ODAFLOW.VOLUMESCHOLARSHIP,PSE,2021,15069452,,
ODAFLOW.VOLUMESCHOLARSHIP,PSE,2022,17698576,,
ODAFLOW.VOLUMESCHOLARSHIP,PSE,2023,20034860,,
ODAFLOW.VOLUMESCHOLARSHIP,RWA,2020,5208387,,
ODAFLOW.VOLUMESCHOLARSHIP,RWA,2021,6085597,,
ODAFLOW.VOLUMESCHOLARSHIP,RWA,2022,5240621,,
ODAFLOW.VOLUMESCHOLARSHIP,RWA,2023,6316000,,
ODAFLOW.VOLUMESCHOLARSHIP,SDN,2020,7405104,,
ODAFLOW.VOLUMESCHOLARSHIP,SDN,2021,8033693,,
ODAFLOW.VOLUMESCHOLARSHIP,SDN,2022,9465930,,
ODAFLOW.VOLUMESCHOLARSHIP,SDN,2023,13403367,,
ODAFLOW.VOLUMESCHOLARSHIP,SEN,2020,9062116,,
ODAFLOW.VOLUMESCHOLARSHIP,SEN,2021,7028236,,
ODAFLOW.VOLUMESCHOLARSHIP,SEN,2022,8031537,,
ODAFLOW.VOLUMESCHOLARSHIP,SEN,2023,12361212,,
ODAFLOW.VOLUMESCHOLARSHIP,SLB,2020,5699298,,
ODAFLOW.VOLUMESCHOLARSHIP,SLB,2021,2129424,,
ODAFLOW.VOLUMESCHOLARSHIP,SLB,2022,3163125,,
ODAFLOW.VOLUMESCHOLARSHIP,SLB,2023,5805421,,
ODAFLOW.VOLUMESCHOLARSHIP,SLE,2020,2839256,,
ODAFLOW.VOLUMESCHOLARSHIP,SLE,2021,1904440,,
ODAFLOW.VOLUMESCHOLARSHIP,SLE,2022,2231531,,
ODAFLOW.VOLUMESCHOLARSHIP,SLE,2023,4352275,,
ODAFLOW.VOLUMESCHOLARSHIP,SLV,2020,758295,,
ODAFLOW.VOLUMESCHOLARSHIP,SLV,2021,538239,,
ODAFLOW.VOLUMESCHOLARSHIP,SLV,2022,744410,,
ODAFLOW.VOLUMESCHOLARSHIP,SLV,2023,1366681,,
ODAFLOW.VOLUMESCHOLARSHIP,SOM,2020,4220208,,
ODAFLOW.VOLUMESCHOLARSHIP,SOM,2021,5290852,,
ODAFLOW.VOLUMESCHOLARSHIP,SOM,2022,5864441,,
ODAFLOW.VOLUMESCHOLARSHIP,SOM,2023,8414240,,
ODAFLOW.VOLUMESCHOLARSHIP,SRB,2020,11666762,,
ODAFLOW.VOLUMESCHOLARSHIP,SRB,2021,9372016,,
ODAFLOW.VOLUMESCHOLARSHIP,SRB,2022,7788557,,
ODAFLOW.VOLUMESCHOLARSHIP,SRB,2023,7205059,,
ODAFLOW.VOLUMESCHOLARSHIP,SSD,2020,611646,,
ODAFLOW.VOLUMESCHOLARSHIP,SSD,2021,928412,,
ODAFLOW.VOLUMESCHOLARSHIP,SSD,2022,773046,,
ODAFLOW.VOLUMESCHOLARSHIP,SSD,2023,3173478,,
ODAFLOW.VOLUMESCHOLARSHIP,STP,2020,770057,,
ODAFLOW.VOLUMESCHOLARSHIP,STP,2021,710592,,
ODAFLOW.VOLUMESCHOLARSHIP,STP,2022,690351,,
ODAFLOW.VOLUMESCHOLARSHIP,STP,2023,1125515,,
ODAFLOW.VOLUMESCHOLARSHIP,SUR,2020,772523,,
ODAFLOW.VOLUMESCHOLARSHIP,SUR,2021,725100,,
ODAFLOW.VOLUMESCHOLARSHIP,SUR,2022,476705,,
ODAFLOW.VOLUMESCHOLARSHIP,SUR,2023,387082,,
ODAFLOW.VOLUMESCHOLARSHIP,SWZ,2020,540986,,
ODAFLOW.VOLUMESCHOLARSHIP,SWZ,2021,290926,,
ODAFLOW.VOLUMESCHOLARSHIP,SWZ,2022,487890,,
ODAFLOW.VOLUMESCHOLARSHIP,SWZ,2023,1476862,,
ODAFLOW.VOLUMESCHOLARSHIP,SYR,2020,16500526,,
ODAFLOW.VOLUMESCHOLARSHIP,SYR,2021,22921972,,
ODAFLOW.VOLUMESCHOLARSHIP,SYR,2022,20897368,,
ODAFLOW.VOLUMESCHOLARSHIP,SYR,2023,29743280,,
ODAFLOW.VOLUMESCHOLARSHIP,TCD,2020,2941417,,
ODAFLOW.VOLUMESCHOLARSHIP,TCD,2021,4466446,,
ODAFLOW.VOLUMESCHOLARSHIP,TCD,2022,4262664,,
ODAFLOW.VOLUMESCHOLARSHIP,TCD,2023,6663552,,
ODAFLOW.VOLUMESCHOLARSHIP,TGO,2020,2986677,,
ODAFLOW.VOLUMESCHOLARSHIP,TGO,2021,2617242,,
ODAFLOW.VOLUMESCHOLARSHIP,TGO,2022,3140843,,
ODAFLOW.VOLUMESCHOLARSHIP,TGO,2023,4726990,,
ODAFLOW.VOLUMESCHOLARSHIP,THA,2020,10362902,,
ODAFLOW.VOLUMESCHOLARSHIP,THA,2021,8700433,,
ODAFLOW.VOLUMESCHOLARSHIP,THA,2022,8918407,,
ODAFLOW.VOLUMESCHOLARSHIP,THA,2023,10778321,,
ODAFLOW.VOLUMESCHOLARSHIP,TJK,2020,3156061,,
ODAFLOW.VOLUMESCHOLARSHIP,TJK,2021,6157653,,
ODAFLOW.VOLUMESCHOLARSHIP,TJK,2022,4042888,,
ODAFLOW.VOLUMESCHOLARSHIP,TJK,2023,4909233,,
ODAFLOW.VOLUMESCHOLARSHIP,TKL,2020,91848,,
ODAFLOW.VOLUMESCHOLARSHIP,TKL,2021,13562,,
ODAFLOW.VOLUMESCHOLARSHIP,TKL,2022,14214,,
ODAFLOW.VOLUMESCHOLARSHIP,TKL,2023,1148,,
ODAFLOW.VOLUMESCHOLARSHIP,TKM,2020,1818389,,
ODAFLOW.VOLUMESCHOLARSHIP,TKM,2021,1793519,,
ODAFLOW.VOLUMESCHOLARSHIP,TKM,2022,1751984,,
ODAFLOW.VOLUMESCHOLARSHIP,TKM,2023,1768674,,
ODAFLOW.VOLUMESCHOLARSHIP,TLS,2020,4760560,,
ODAFLOW.VOLUMESCHOLARSHIP,TLS,2021,1814641,,
ODAFLOW.VOLUMESCHOLARSHIP,TLS,2022,2261663,,
ODAFLOW.VOLUMESCHOLARSHIP,TLS,2023,5004351,,
ODAFLOW.VOLUMESCHOLARSHIP,TON,2020,3639886,,
ODAFLOW.VOLUMESCHOLARSHIP,TON,2021,1453255,,
ODAFLOW.VOLUMESCHOLARSHIP,TON,2022,1551940,,
ODAFLOW.VOLUMESCHOLARSHIP,TON,2023,3126068,,
ODAFLOW.VOLUMESCHOLARSHIP,TUN,2020,16842040,,
ODAFLOW.VOLUMESCHOLARSHIP,TUN,2021,15396732,,
ODAFLOW.VOLUMESCHOLARSHIP,TUN,2022,17918276,,
ODAFLOW.VOLUMESCHOLARSHIP,TUN,2023,18687156,,
ODAFLOW.VOLUMESCHOLARSHIP,TUR,2020,25604694,,
ODAFLOW.VOLUMESCHOLARSHIP,TUR,2021,15039152,,
ODAFLOW.VOLUMESCHOLARSHIP,TUR,2022,22431476,,
ODAFLOW.VOLUMESCHOLARSHIP,TUR,2023,21886242,,
ODAFLOW.VOLUMESCHOLARSHIP,TUV,2020,1336150,,
ODAFLOW.VOLUMESCHOLARSHIP,TUV,2021,757054,,
ODAFLOW.VOLUMESCHOLARSHIP,TUV,2022,721645,,
ODAFLOW.VOLUMESCHOLARSHIP,TUV,2023,1452051,,
ODAFLOW.VOLUMESCHOLARSHIP,TZA,2020,5621796,,
ODAFLOW.VOLUMESCHOLARSHIP,TZA,2021,6305954,,
ODAFLOW.VOLUMESCHOLARSHIP,TZA,2022,7205429,,
ODAFLOW.VOLUMESCHOLARSHIP,TZA,2023,8069136,,
ODAFLOW.VOLUMESCHOLARSHIP,UGA,2020,5567722,,
ODAFLOW.VOLUMESCHOLARSHIP,UGA,2021,6129015,,
ODAFLOW.VOLUMESCHOLARSHIP,UGA,2022,5607186,,
ODAFLOW.VOLUMESCHOLARSHIP,UGA,2023,6453301,,
ODAFLOW.VOLUMESCHOLARSHIP,UKR,2020,14577586,,
ODAFLOW.VOLUMESCHOLARSHIP,UKR,2021,11304519,,
ODAFLOW.VOLUMESCHOLARSHIP,UKR,2022,43927768,,
ODAFLOW.VOLUMESCHOLARSHIP,UKR,2023,47701232,,
ODAFLOW.VOLUMESCHOLARSHIP,UZB,2020,7665600,,
ODAFLOW.VOLUMESCHOLARSHIP,UZB,2021,8109532,,
ODAFLOW.VOLUMESCHOLARSHIP,UZB,2022,9917034,,
ODAFLOW.VOLUMESCHOLARSHIP,UZB,2023,10763282,,
ODAFLOW.VOLUMESCHOLARSHIP,VCT,2020,101169,,
ODAFLOW.VOLUMESCHOLARSHIP,VCT,2021,63145,,
ODAFLOW.VOLUMESCHOLARSHIP,VCT,2022,205312,,
ODAFLOW.VOLUMESCHOLARSHIP,VCT,2023,22330,,
ODAFLOW.VOLUMESCHOLARSHIP,VEN,2020,1944097,,
ODAFLOW.VOLUMESCHOLARSHIP,VEN,2021,1361867,,
ODAFLOW.VOLUMESCHOLARSHIP,VEN,2022,1436371,,
ODAFLOW.VOLUMESCHOLARSHIP,VEN,2023,1493854,,
ODAFLOW.VOLUMESCHOLARSHIP,VNM,2020,28217844,,
ODAFLOW.VOLUMESCHOLARSHIP,VNM,2021,19020176,,
ODAFLOW.VOLUMESCHOLARSHIP,VNM,2022,22162008,,
ODAFLOW.VOLUMESCHOLARSHIP,VNM,2023,19742228,,
ODAFLOW.VOLUMESCHOLARSHIP,VUT,2020,3816431,,
ODAFLOW.VOLUMESCHOLARSHIP,VUT,2021,1292681,,
ODAFLOW.VOLUMESCHOLARSHIP,VUT,2022,2050915,,
ODAFLOW.VOLUMESCHOLARSHIP,VUT,2023,3039901,,
ODAFLOW.VOLUMESCHOLARSHIP,WSM,2020,8463137,,
ODAFLOW.VOLUMESCHOLARSHIP,WSM,2021,3952578,,
ODAFLOW.VOLUMESCHOLARSHIP,WSM,2022,7490310,,
ODAFLOW.VOLUMESCHOLARSHIP,WSM,2023,8321838,,
ODAFLOW.VOLUMESCHOLARSHIP,YEM,2020,13676176,,
ODAFLOW.VOLUMESCHOLARSHIP,YEM,2021,12301546,,
ODAFLOW.VOLUMESCHOLARSHIP,YEM,2022,10231493,,
ODAFLOW.VOLUMESCHOLARSHIP,YEM,2023,24604224,,
ODAFLOW.VOLUMESCHOLARSHIP,ZAF,2020,28630240,,
ODAFLOW.VOLUMESCHOLARSHIP,ZAF,2021,5790731,,
ODAFLOW.VOLUMESCHOLARSHIP,ZAF,2022,6957984,,
ODAFLOW.VOLUMESCHOLARSHIP,ZAF,2023,4536792,,
ODAFLOW.VOLUMESCHOLARSHIP,ZMB,2020,2806075,,
ODAFLOW.VOLUMESCHOLARSHIP,ZMB,2021,2530056,,
ODAFLOW.VOLUMESCHOLARSHIP,ZMB,2022,2515715,,
ODAFLOW.VOLUMESCHOLARSHIP,ZMB,2023,2919922,,
ODAFLOW.VOLUMESCHOLARSHIP,ZWE,2020,1861504,,
ODAFLOW.VOLUMESCHOLARSHIP,ZWE,2021,2335076,,
ODAFLOW.VOLUMESCHOLARSHIP,ZWE,2022,1929521,,
ODAFLOW.VOLUMESCHOLARSHIP,ZWE,2023,1842429,,
RESDEN.INHAB.TFTE,ARE,2020,2581.47405,,
RESDEN.INHAB.TFTE,ARE,2021,2606.78477,,
RESDEN.INHAB.TFTE,ARG,2020,1250.48347,,
RESDEN.INHAB.TFTE,ARG,2021,1288.13477,,
RESDEN.INHAB.TFTE,ARG,2022,1296.45435,,
RESDEN.INHAB.TFTE,ARM,2022,1187.43401,,
RESDEN.INHAB.TFTE,ARM,2023,1039.84774,,
RESDEN.INHAB.TFTE,AUT,2020,5829.2859,,
RESDEN.INHAB.TFTE,AUT,2021,6323.00331,,
RESDEN.INHAB.TFTE,AUT,2022,6658.54873,,
RESDEN.INHAB.TFTE,AZE,2020,1732.37308,,
RESDEN.INHAB.TFTE,AZE,2021,1743.43016,,
RESDEN.INHAB.TFTE,AZE,2022,1702.31299,,
RESDEN.INHAB.TFTE,AZE,2023,1663.3395,,
RESDEN.INHAB.TFTE,BEL,2020,5418.91258,,
RESDEN.INHAB.TFTE,BEL,2021,6596.70594,,
RESDEN.INHAB.TFTE,BEL,2022,6983.19007,,
RESDEN.INHAB.TFTE,BGR,2020,2401.16918,,
RESDEN.INHAB.TFTE,BGR,2021,2346.69591,,
RESDEN.INHAB.TFTE,BGR,2022,2557.19806,,
RESDEN.INHAB.TFTE,BIH,2020,446.11618,,
RESDEN.INHAB.TFTE,BIH,2021,445.69281,,
RESDEN.INHAB.TFTE,BIH,2022,540.14789,,
RESDEN.INHAB.TFTE,BIH,2023,669.76765,,
RESDEN.INHAB.TFTE,BLR,2020,1473.37761,,
RESDEN.INHAB.TFTE,BLR,2021,1439.1965,,
RESDEN.INHAB.TFTE,BLR,2022,1434.19007,,
RESDEN.INHAB.TFTE,BLR,2023,1504.35265,,
RESDEN.INHAB.TFTE,BOL,2021,63.0569,,
RESDEN.INHAB.TFTE,BRN,2022,506.18125,,
RESDEN.INHAB.TFTE,CAN,2020,5155.65021,,
RESDEN.INHAB.TFTE,CAN,2021,5411.82682,,
RESDEN.INHAB.TFTE,CHE,2021,6021.39855,,
RESDEN.INHAB.TFTE,CHL,2020,515.32026,,
RESDEN.INHAB.TFTE,CHL,2021,638.83802,,
RESDEN.INHAB.TFTE,CHN,2020,1600.30633,,
RESDEN.INHAB.TFTE,CHN,2021,1685.97511,,
RESDEN.INHAB.TFTE,CHN,2022,1849.23669,,
RESDEN.INHAB.TFTE,COG,2022,126.96941,,
RESDEN.INHAB.TFTE,CRI,2020,371.97029,,
RESDEN.INHAB.TFTE,CRI,2021,406.58119,,
RESDEN.INHAB.TFTE,CRI,2022,462.47421,,
RESDEN.INHAB.TFTE,CUB,2020,2121.90949,,
RESDEN.INHAB.TFTE,CUB,2021,2099.70203,,
RESDEN.INHAB.TFTE,CUB,2022,2079.08182,,
RESDEN.INHAB.TFTE,CUB,2023,1968.33703,,
RESDEN.INHAB.TFTE,CYP,2020,1739.85507,NAT_EST,
RESDEN.INHAB.TFTE,CYP,2021,1743.06674,NAT_EST,
RESDEN.INHAB.TFTE,CYP,2022,1727.63497,NAT_EST,
RESDEN.INHAB.TFTE,CZE,2020,4187.18471,,
RESDEN.INHAB.TFTE,CZE,2021,4560.45106,,
RESDEN.INHAB.TFTE,CZE,2022,4696.68437,,
RESDEN.INHAB.TFTE,DEU,2020,5390.05249,,
RESDEN.INHAB.TFTE,DEU,2021,5520.57631,,
RESDEN.INHAB.TFTE,DEU,2022,5787.44181,,
RESDEN.INHAB.TFTE,DNK,2020,7651.2843,,
RESDEN.INHAB.TFTE,DNK,2021,7708.2373,,
RESDEN.INHAB.TFTE,DNK,2022,8735.60064,,
RESDEN.INHAB.TFTE,DOM,2020,24.56941,,
RESDEN.INHAB.TFTE,DOM,2021,23.40074,,
RESDEN.INHAB.TFTE,DOM,2022,20.03771,,
RESDEN.INHAB.TFTE,EGY,2020,790.65531,,
RESDEN.INHAB.TFTE,EGY,2021,808.43512,,
RESDEN.INHAB.TFTE,EGY,2022,829.2751,,
RESDEN.INHAB.TFTE,EGY,2023,845.3181,,
RESDEN.INHAB.TFTE,ESP,2020,3051.64642,,
RESDEN.INHAB.TFTE,ESP,2021,3229.64887,,
RESDEN.INHAB.TFTE,ESP,2022,3387.49657,,
RESDEN.INHAB.TFTE,EST,2020,3836.37969,,
RESDEN.INHAB.TFTE,EST,2021,4036.13127,,
RESDEN.INHAB.TFTE,EST,2022,4654.85436,,
RESDEN.INHAB.TFTE,FIN,2020,7548.32504,,
RESDEN.INHAB.TFTE,FIN,2021,7870.42868,,
RESDEN.INHAB.TFTE,FIN,2022,8073.14567,,
RESDEN.INHAB.TFTE,FRA,2020,4883.2219,,
RESDEN.INHAB.TFTE,FRA,2021,5058.05374,,
RESDEN.INHAB.TFTE,FRA,2022,5181.84576,,
RESDEN.INHAB.TFTE,GEO,2020,1799.17121,,
RESDEN.INHAB.TFTE,GEO,2021,1702.96062,,
RESDEN.INHAB.TFTE,GEO,2022,1808.99963,,
RESDEN.INHAB.TFTE,GEO,2023,1768.16486,,
RESDEN.INHAB.TFTE,GRC,2020,4008.18457,,
RESDEN.INHAB.TFTE,GRC,2021,4244.36826,,
RESDEN.INHAB.TFTE,GRC,2022,4926.78077,,
RESDEN.INHAB.TFTE,GTM,2020,17.2968,,
RESDEN.INHAB.TFTE,GTM,2021,14.52588,,
RESDEN.INHAB.TFTE,HKG,2020,4355.79712,,
RESDEN.INHAB.TFTE,HKG,2021,4591.73346,,
RESDEN.INHAB.TFTE,HKG,2022,4815.20071,,
RESDEN.INHAB.TFTE,HKG,2023,5273.74369,,
RESDEN.INHAB.TFTE,HRV,2020,2295.44402,,
RESDEN.INHAB.TFTE,HRV,2021,2414.42218,,
RESDEN.INHAB.TFTE,HRV,2022,2534.42425,,
RESDEN.INHAB.TFTE,HUN,2020,4309.61589,,
RESDEN.INHAB.TFTE,HUN,2021,4452.48668,,
RESDEN.INHAB.TFTE,HUN,2022,4725.1504,,
RESDEN.INHAB.TFTE,IDN,2020,395.34168,,
RESDEN.INHAB.TFTE,IND,2020,259.26325,,
RESDEN.INHAB.TFTE,IRL,2020,5196.11055,,
RESDEN.INHAB.TFTE,IRL,2021,5213.43167,,
RESDEN.INHAB.TFTE,IRL,2022,5511.65804,,
RESDEN.INHAB.TFTE,IRN,2021,2239.74005,,
RESDEN.INHAB.TFTE,IRQ,2020,136.59963,,
RESDEN.INHAB.TFTE,IRQ,2021,164.28484,,
RESDEN.INHAB.TFTE,ISL,2021,6941.30115,,
RESDEN.INHAB.TFTE,ISL,2022,6863.54747,,
RESDEN.INHAB.TFTE,ITA,2020,2614.68181,,
RESDEN.INHAB.TFTE,ITA,2021,2658.8949,,
RESDEN.INHAB.TFTE,ITA,2022,2795.53412,,
RESDEN.INHAB.TFTE,JPN,2020,5450.44287,,
RESDEN.INHAB.TFTE,JPN,2021,5589.76698,,
RESDEN.INHAB.TFTE,JPN,2022,5629.79566,,
RESDEN.INHAB.TFTE,KAZ,2020,668.82871,,
RESDEN.INHAB.TFTE,KAZ,2021,609.97284,,
RESDEN.INHAB.TFTE,KAZ,2022,661.69455,,
RESDEN.INHAB.TFTE,KAZ,2023,693.05803,,
RESDEN.INHAB.TFTE,KEN,2022,168.60477,,
RESDEN.INHAB.TFTE,KEN,2023,200.85225,,
RESDEN.INHAB.TFTE,KOR,2020,8620.009,,
RESDEN.INHAB.TFTE,KOR,2021,9071.4503,,
RESDEN.INHAB.TFTE,KOR,2022,9434.7613,,
RESDEN.INHAB.TFTE,KWT,2020,165.97953,,
RESDEN.INHAB.TFTE,KWT,2022,176.25862,,
RESDEN.INHAB.TFTE,KWT,2023,159.38516,,
RESDEN.INHAB.TFTE,LIE,2023,18129.75165,,
RESDEN.INHAB.TFTE,LKA,2020,100.80931,,
RESDEN.INHAB.TFTE,LKA,2022,94.4866,,
RESDEN.INHAB.TFTE,LTU,2020,3643.24539,,
RESDEN.INHAB.TFTE,LTU,2021,3946.51068,,
RESDEN.INHAB.TFTE,LTU,2022,4153.6584,,
RESDEN.INHAB.TFTE,LUX,2020,4688.80483,,
RESDEN.INHAB.TFTE,LUX,2021,4939.08633,,
RESDEN.INHAB.TFTE,LUX,2022,4879.24254,,
RESDEN.INHAB.TFTE,LVA,2020,2134.06006,,
RESDEN.INHAB.TFTE,LVA,2021,2395.27344,,
RESDEN.INHAB.TFTE,LVA,2022,2270.07923,,
RESDEN.INHAB.TFTE,MAC,2020,3826.01324,,
RESDEN.INHAB.TFTE,MAC,2021,4092.52683,,
RESDEN.INHAB.TFTE,MAC,2022,3498.4859,,
RESDEN.INHAB.TFTE,MAC,2023,3826.96528,,
RESDEN.INHAB.TFTE,MDA,2020,774.67919,NAT_EST,
RESDEN.INHAB.TFTE,MDA,2021,781.24167,NAT_EST,
RESDEN.INHAB.TFTE,MDA,2022,768.02221,NAT_EST,
RESDEN.INHAB.TFTE,MDA,2023,717.41595,NAT_EST,
RESDEN.INHAB.TFTE,MDG: Caucasus and Central Asia,2020,654.25199,,
RESDEN.INHAB.TFTE,MDG: Caucasus and Central Asia,2021,675.66028,,
RESDEN.INHAB.TFTE,MDG: Caucasus and Central Asia,2022,692.96457,,
RESDEN.INHAB.TFTE,MDG: Developed regions,2020,4162.10379,,
RESDEN.INHAB.TFTE,MDG: Developed regions,2021,4344.34668,,
RESDEN.INHAB.TFTE,MDG: Developed regions,2022,4427.22926,,
RESDEN.INHAB.TFTE,MDG: Developing regions,2020,769.97406,,
RESDEN.INHAB.TFTE,MDG: Developing regions,2021,795.84463,,
RESDEN.INHAB.TFTE,MDG: Developing regions,2022,838.16749,,
RESDEN.INHAB.TFTE,MDG: Eastern Asia,2020,1870.928,,
RESDEN.INHAB.TFTE,MDG: Eastern Asia,2021,1970.15082,,
RESDEN.INHAB.TFTE,MDG: Eastern Asia,2022,2137.6236,,
RESDEN.INHAB.TFTE,MDG: Eastern Asia (excluding China),2020,6188.388,,
RESDEN.INHAB.TFTE,MDG: Eastern Asia (excluding China),2021,6496.8178,,
RESDEN.INHAB.TFTE,MDG: Eastern Asia (excluding China),2022,6726.19092,,
RESDEN.INHAB.TFTE,MDG: Latin America and the Caribbean,2020,635.34523,,
RESDEN.INHAB.TFTE,MDG: Latin America and the Caribbean,2021,639.13481,,
RESDEN.INHAB.TFTE,MDG: Latin America and the Caribbean,2022,643.30825,,
RESDEN.INHAB.TFTE,MDG: Northern Africa,2020,870.31552,,
RESDEN.INHAB.TFTE,MDG: Northern Africa,2021,877.15864,,
RESDEN.INHAB.TFTE,MDG: Northern Africa,2022,892.81857,,
RESDEN.INHAB.TFTE,MDG: South-eastern Asia,2020,836.55811,,
RESDEN.INHAB.TFTE,MDG: South-eastern Asia,2021,808.57783,,
RESDEN.INHAB.TFTE,MDG: South-eastern Asia,2022,829.12395,,
RESDEN.INHAB.TFTE,MDG: Southern Asia,2020,321.03753,,
RESDEN.INHAB.TFTE,MDG: Southern Asia,2021,337.4845,,
RESDEN.INHAB.TFTE,MDG: Southern Asia,2022,342.27692,,
RESDEN.INHAB.TFTE,MDG: Southern Asia (excluding India),2020,470.55447,,
RESDEN.INHAB.TFTE,MDG: Southern Asia (excluding India),2021,525.91063,,
RESDEN.INHAB.TFTE,MDG: Southern Asia (excluding India),2022,540.91108,,
RESDEN.INHAB.TFTE,MDG: Sub-Saharan Africa,2020,96.50927,,
RESDEN.INHAB.TFTE,MDG: Sub-Saharan Africa,2021,95.90235,,
RESDEN.INHAB.TFTE,MDG: Sub-Saharan Africa,2022,95.28022,,
RESDEN.INHAB.TFTE,MDG: Western Asia,2020,905.6572,,
RESDEN.INHAB.TFTE,MDG: Western Asia,2021,1022.0571,,
RESDEN.INHAB.TFTE,MDG: Western Asia,2022,1126.12893,,
RESDEN.INHAB.TFTE,MDG: World,2020,1329.25236,,
RESDEN.INHAB.TFTE,MDG: World,2021,1375.62666,,
RESDEN.INHAB.TFTE,MDG: World,2022,1419.81205,,
RESDEN.INHAB.TFTE,MEX,2020,281.59287,,
RESDEN.INHAB.TFTE,MEX,2021,273.14814,,
RESDEN.INHAB.TFTE,MEX,2022,273.66785,,
RESDEN.INHAB.TFTE,MEX,2023,272.31856,,
RESDEN.INHAB.TFTE,MKD,2020,868.87807,,
RESDEN.INHAB.TFTE,MKD,2021,843.87245,,
RESDEN.INHAB.TFTE,MKD,2022,730.898,,
RESDEN.INHAB.TFTE,MKD,2023,922.47062,,
RESDEN.INHAB.TFTE,MLI,2021,28.66941,,
RESDEN.INHAB.TFTE,MLT,2020,1964.91528,,
RESDEN.INHAB.TFTE,MLT,2021,2157.55518,,
RESDEN.INHAB.TFTE,MLT,2022,2427.56223,,
RESDEN.INHAB.TFTE,MMR,2020,32.80625,,
RESDEN.INHAB.TFTE,MMR,2021,19.11376,,
RESDEN.INHAB.TFTE,MMR,2022,26.39711,,
RESDEN.INHAB.TFTE,MMR,2023,28.00891,,
RESDEN.INHAB.TFTE,MNG,2020,332.37478,,
RESDEN.INHAB.TFTE,MNG,2021,681.35643,,
RESDEN.INHAB.TFTE,MNG,2022,535.37392,,
RESDEN.INHAB.TFTE,MUS,2020,558.19237,,
RESDEN.INHAB.TFTE,MUS,2021,564.33636,,
RESDEN.INHAB.TFTE,MUS,2022,578.6005,,
RESDEN.INHAB.TFTE,MUS,2023,852.67511,,
RESDEN.INHAB.TFTE,MYS,2020,711.51035,,
RESDEN.INHAB.TFTE,NAM,2022,224.81068,,
RESDEN.INHAB.TFTE,NLD,2020,5799.27532,,
RESDEN.INHAB.TFTE,NLD,2021,6003.86605,,
RESDEN.INHAB.TFTE,NLD,2022,6319.17518,,
RESDEN.INHAB.TFTE,NOR,2020,6766.01432,,
RESDEN.INHAB.TFTE,NOR,2021,7228.72168,,
RESDEN.INHAB.TFTE,NOR,2022,7394.79171,,
RESDEN.INHAB.TFTE,NZL,2021,5094.76159,,
RESDEN.INHAB.TFTE,OMN,2020,374.1444,,
RESDEN.INHAB.TFTE,OMN,2021,332.10768,,
RESDEN.INHAB.TFTE,OMN,2022,383.13404,,
RESDEN.INHAB.TFTE,OMN,2023,655.14938,,
RESDEN.INHAB.TFTE,PAK,2021,401.38994,,
RESDEN.INHAB.TFTE,PAK,2023,473.71632,,
RESDEN.INHAB.TFTE,PAN,2020,167.55608,,
RESDEN.INHAB.TFTE,PAN,2021,134.74424,,
RESDEN.INHAB.TFTE,PAN,2022,142.28474,,
RESDEN.INHAB.TFTE,PAN,2023,253.27142,,
RESDEN.INHAB.TFTE,POL,2020,3260.15498,,
RESDEN.INHAB.TFTE,POL,2021,3558.20467,,
RESDEN.INHAB.TFTE,POL,2022,3721.07204,,
RESDEN.INHAB.TFTE,PRT,2020,5131.43982,,
RESDEN.INHAB.TFTE,PRT,2021,5430.93667,,
RESDEN.INHAB.TFTE,PRT,2022,5686.65428,,
RESDEN.INHAB.TFTE,PRY,2020,141.19046,,
RESDEN.INHAB.TFTE,PRY,2021,142.72905,,
RESDEN.INHAB.TFTE,PRY,2022,133.19638,,
RESDEN.INHAB.TFTE,QAT,2021,947.77921,,
RESDEN.INHAB.TFTE,ROU,2020,942.32049,,
RESDEN.INHAB.TFTE,ROU,2021,988.67695,,
RESDEN.INHAB.TFTE,ROU,2022,998.72545,,
RESDEN.INHAB.TFTE,RUS,2020,2710.16353,,
RESDEN.INHAB.TFTE,RUS,2021,2662.4691,UIS_EST,
RESDEN.INHAB.TFTE,RUS,2022,2683.9498,UIS_EST,
RESDEN.INHAB.TFTE,RWA,2023,133.11989,,
RESDEN.INHAB.TFTE,SAU,2020,512.05775,,
RESDEN.INHAB.TFTE,SAU,2021,794.29927,,
RESDEN.INHAB.TFTE,SAU,2022,958.18871,,
RESDEN.INHAB.TFTE,SAU,2023,1120.62603,,
RESDEN.INHAB.TFTE,SDG: Australia and New Zealand,2020,4799.35038,,
RESDEN.INHAB.TFTE,SDG: Australia and New Zealand,2021,4781.30086,,
RESDEN.INHAB.TFTE,SDG: Australia and New Zealand,2022,4809.34301,,
RESDEN.INHAB.TFTE,SDG: Central Asia,2020,435.87045,,
RESDEN.INHAB.TFTE,SDG: Central Asia,2021,465.56998,,
RESDEN.INHAB.TFTE,SDG: Central Asia,2022,489.50468,,
RESDEN.INHAB.TFTE,SDG: Central and Southern Asia,2020,325.28234,,
RESDEN.INHAB.TFTE,SDG: Central and Southern Asia,2021,342.25455,,
RESDEN.INHAB.TFTE,SDG: Central and Southern Asia,2022,347.81098,,
RESDEN.INHAB.TFTE,SDG: Eastern Asia,2020,2146.96561,,
RESDEN.INHAB.TFTE,SDG: Eastern Asia,2021,2247.91559,,
RESDEN.INHAB.TFTE,SDG: Eastern Asia,2022,2404.31512,,
RESDEN.INHAB.TFTE,SDG: Eastern and South-Eastern Asia,2020,1756.77997,,
RESDEN.INHAB.TFTE,SDG: Eastern and South-Eastern Asia,2021,1817.20192,,
RESDEN.INHAB.TFTE,SDG: Eastern and South-Eastern Asia,2022,1930.63264,,
RESDEN.INHAB.TFTE,SDG: Europe,2020,3686.73968,,
RESDEN.INHAB.TFTE,SDG: Europe,2021,3800.91176,,
RESDEN.INHAB.TFTE,SDG: Europe,2022,3935.08367,,
RESDEN.INHAB.TFTE,SDG: Europe and Northern America,2020,3969.82998,,
RESDEN.INHAB.TFTE,SDG: Europe and Northern America,2021,4164.00992,,
RESDEN.INHAB.TFTE,SDG: Europe and Northern America,2022,4254.16013,,
RESDEN.INHAB.TFTE,"SDG: Europe, Northern America, Australia and New Zealand",2020,3991.81798,,
RESDEN.INHAB.TFTE,"SDG: Europe, Northern America, Australia and New Zealand",2021,4180.49688,,
RESDEN.INHAB.TFTE,"SDG: Europe, Northern America, Australia and New Zealand",2022,4269.10747,,
RESDEN.INHAB.TFTE,SDG: Landlocked Developing Countries,2020,167.13455,,
RESDEN.INHAB.TFTE,SDG: Landlocked Developing Countries,2021,171.72018,,
RESDEN.INHAB.TFTE,SDG: Landlocked Developing Countries,2022,174.8156,,
RESDEN.INHAB.TFTE,SDG: Latin America and the Caribbean,2020,635.34523,,
RESDEN.INHAB.TFTE,SDG: Latin America and the Caribbean,2021,639.13481,,
RESDEN.INHAB.TFTE,SDG: Latin America and the Caribbean,2022,643.30825,,
RESDEN.INHAB.TFTE,SDG: Least Developed Countries,2020,71.79924,,
RESDEN.INHAB.TFTE,SDG: Least Developed Countries,2021,71.34278,,
RESDEN.INHAB.TFTE,SDG: Least Developed Countries,2022,72.18792,,
RESDEN.INHAB.TFTE,SDG: Northern Africa,2020,747.89534,,
RESDEN.INHAB.TFTE,SDG: Northern Africa,2021,752.27809,,
RESDEN.INHAB.TFTE,SDG: Northern Africa,2022,763.56295,,
RESDEN.INHAB.TFTE,SDG: Northern Africa and Western Asia,2020,977.80643,,
RESDEN.INHAB.TFTE,SDG: Northern Africa and Western Asia,2021,1035.33497,,
RESDEN.INHAB.TFTE,SDG: Northern Africa and Western Asia,2022,1090.38716,,
RESDEN.INHAB.TFTE,SDG: Northern America,2020,4532.52202,,
RESDEN.INHAB.TFTE,SDG: Northern America,2021,4883.25507,,
RESDEN.INHAB.TFTE,SDG: Northern America,2022,4883.47946,,
RESDEN.INHAB.TFTE,SDG: Oceania,2020,3404.14107,,
RESDEN.INHAB.TFTE,SDG: Oceania,2021,3381.69859,,
RESDEN.INHAB.TFTE,SDG: Oceania,2022,3392.89474,,
RESDEN.INHAB.TFTE,SDG: Small Island Developing States,2020,1116.80615,,
RESDEN.INHAB.TFTE,SDG: Small Island Developing States,2021,1126.63942,,
RESDEN.INHAB.TFTE,SDG: Small Island Developing States,2022,1112.00465,,
RESDEN.INHAB.TFTE,SDG: South-Eastern Asia,2020,836.55811,,
RESDEN.INHAB.TFTE,SDG: South-Eastern Asia,2021,808.57783,,
RESDEN.INHAB.TFTE,SDG: South-Eastern Asia,2022,829.12395,,
RESDEN.INHAB.TFTE,SDG: Southern Asia,2020,321.03753,,
RESDEN.INHAB.TFTE,SDG: Southern Asia,2021,337.4845,,
RESDEN.INHAB.TFTE,SDG: Southern Asia,2022,342.27692,,
RESDEN.INHAB.TFTE,SDG: Sub-Saharan Africa,2020,92.35425,,
RESDEN.INHAB.TFTE,SDG: Sub-Saharan Africa,2021,91.7195,,
RESDEN.INHAB.TFTE,SDG: Sub-Saharan Africa,2022,91.0599,,
RESDEN.INHAB.TFTE,SDG: Western Asia,2020,1182.40405,,
RESDEN.INHAB.TFTE,SDG: Western Asia,2021,1287.85308,,
RESDEN.INHAB.TFTE,SDG: Western Asia,2022,1382.02724,,
RESDEN.INHAB.TFTE,SDG: World,2020,1329.25236,,
RESDEN.INHAB.TFTE,SDG: World,2021,1375.62666,,
RESDEN.INHAB.TFTE,SDG: World,2022,1419.81205,,
RESDEN.INHAB.TFTE,SGP,2020,7503.32643,,
RESDEN.INHAB.TFTE,SGP,2021,7916.99926,,
RESDEN.INHAB.TFTE,SLV,2020,59.77671,,
RESDEN.INHAB.TFTE,SLV,2021,65.31984,,
RESDEN.INHAB.TFTE,SLV,2022,57.61826,,
RESDEN.INHAB.TFTE,SRB,2020,2149.85336,NAT_EST,
RESDEN.INHAB.TFTE,SRB,2021,2206.70833,NAT_EST,
RESDEN.INHAB.TFTE,SRB,2022,2349.67681,NAT_EST,
RESDEN.INHAB.TFTE,SRB,2023,2515.31463,NAT_EST,
RESDEN.INHAB.TFTE,SVK,2020,3167.43232,,
RESDEN.INHAB.TFTE,SVK,2021,3211.13115,,
RESDEN.INHAB.TFTE,SVK,2022,3387.47411,,
RESDEN.INHAB.TFTE,SVN,2020,5187.16109,,
RESDEN.INHAB.TFTE,SVN,2021,5235.17998,,
RESDEN.INHAB.TFTE,SVN,2022,5370.37458,,
RESDEN.INHAB.TFTE,SWE,2020,7754.64384,,
RESDEN.INHAB.TFTE,SWE,2021,8159.79705,,
RESDEN.INHAB.TFTE,SWE,2022,8623.7461,,
RESDEN.INHAB.TFTE,SYR,2022,139.93785,,
RESDEN.INHAB.TFTE,TGO,2020,44.10873,,
RESDEN.INHAB.TFTE,TGO,2021,43.68693,,
RESDEN.INHAB.TFTE,TGO,2022,43.2285,,
RESDEN.INHAB.TFTE,TGO,2023,41.39064,,
RESDEN.INHAB.TFTE,THA,2020,2018.34788,,
RESDEN.INHAB.TFTE,THA,2021,1695.79586,,
RESDEN.INHAB.TFTE,THA,2022,1863.07585,,
RESDEN.INHAB.TFTE,TTO,2020,604.73029,,
RESDEN.INHAB.TFTE,TTO,2021,539.19183,,
RESDEN.INHAB.TFTE,TTO,2022,492.71552,,
RESDEN.INHAB.TFTE,TUN,2020,1644.57277,,
RESDEN.INHAB.TFTE,TUN,2021,1610.3428,,
RESDEN.INHAB.TFTE,TUN,2022,1703.91532,,
RESDEN.INHAB.TFTE,TUR,2020,1964.65668,,
RESDEN.INHAB.TFTE,TUR,2021,2209.69913,,
RESDEN.INHAB.TFTE,TUR,2022,2478.67633,,
RESDEN.INHAB.TFTE,UGA,2023,12.44448,,
RESDEN.INHAB.TFTE,UIS: Arab States,2020,596.57634,,
RESDEN.INHAB.TFTE,UIS: Arab States,2021,622.5139,,
RESDEN.INHAB.TFTE,UIS: Arab States,2022,642.13464,,
RESDEN.INHAB.TFTE,UIS: Central Asia,2020,643.28733,,
RESDEN.INHAB.TFTE,UIS: Central Asia,2021,667.42172,,
RESDEN.INHAB.TFTE,UIS: Central Asia,2022,687.60426,,
RESDEN.INHAB.TFTE,UIS: Central and Eastern Europe,2020,2300.26053,,
RESDEN.INHAB.TFTE,UIS: Central and Eastern Europe,2021,2376.25226,,
RESDEN.INHAB.TFTE,UIS: Central and Eastern Europe,2022,2461.50021,,
RESDEN.INHAB.TFTE,UIS: East Asia and the Pacific,2020,1789.10754,,
RESDEN.INHAB.TFTE,UIS: East Asia and the Pacific,2021,1848.20033,,
RESDEN.INHAB.TFTE,UIS: East Asia and the Pacific,2022,1960.02703,,
RESDEN.INHAB.TFTE,UIS: Latin America and the Caribbean,2020,635.3517,,
RESDEN.INHAB.TFTE,UIS: Latin America and the Caribbean,2021,639.14238,,
RESDEN.INHAB.TFTE,UIS: Latin America and the Caribbean,2022,643.31505,,
RESDEN.INHAB.TFTE,UIS: North America and Western Europe,2020,4644.28686,,
RESDEN.INHAB.TFTE,UIS: North America and Western Europe,2021,4897.3497,,
RESDEN.INHAB.TFTE,UIS: North America and Western Europe,2022,5001.78296,,
RESDEN.INHAB.TFTE,UIS: South and West Asia,2020,321.03753,,
RESDEN.INHAB.TFTE,UIS: South and West Asia,2021,337.4845,,
RESDEN.INHAB.TFTE,UIS: South and West Asia,2022,342.27692,,
RESDEN.INHAB.TFTE,UIS: Sub-Saharan Africa,2020,91.04362,,
RESDEN.INHAB.TFTE,UIS: Sub-Saharan Africa,2021,90.40163,,
RESDEN.INHAB.TFTE,UIS: Sub-Saharan Africa,2022,89.73369,,
RESDEN.INHAB.TFTE,UIS: World,2020,1329.25236,,
RESDEN.INHAB.TFTE,UIS: World,2021,1375.62666,,
RESDEN.INHAB.TFTE,UIS: World,2022,1419.81205,,
RESDEN.INHAB.TFTE,UKR,2020,846.24846,NAT_EST,
RESDEN.INHAB.TFTE,UKR,2021,774.07275,NAT_EST,
RESDEN.INHAB.TFTE,UKR,2022,586.07925,NAT_EST,
RESDEN.INHAB.TFTE,UNESCO: SIDS,2020,1165.08696,,
RESDEN.INHAB.TFTE,UNESCO: SIDS,2021,1174.9029,,
RESDEN.INHAB.TFTE,UNESCO: SIDS,2022,1158.72911,,
RESDEN.INHAB.TFTE,URY,2020,820.55725,,
RESDEN.INHAB.TFTE,URY,2021,845.8214,,
RESDEN.INHAB.TFTE,URY,2022,880.30452,,
RESDEN.INHAB.TFTE,URY,2023,902.41575,,
RESDEN.INHAB.TFTE,USA,2020,4464.09495,,
RESDEN.INHAB.TFTE,USA,2021,4825.1804,,
RESDEN.INHAB.TFTE,UZB,2020,426.4918,,
RESDEN.INHAB.TFTE,UZB,2021,523.87885,,
RESDEN.INHAB.TFTE,UZB,2022,543.83922,,
RESDEN.INHAB.TFTE,UZB,2023,542.07268,,
RESDEN.INHAB.TFTE,VEN,2020,289.59954,,
RESDEN.INHAB.TFTE,VEN,2021,276.3565,,
RESDEN.INHAB.TFTE,VEN,2022,350.37843,,
RESDEN.INHAB.TFTE,VEN,2023,179.95961,,
RESDEN.INHAB.TFTE,VNM,2021,767.88667,,
RESDEN.INHAB.TFTE,WB: High income (July 2024),2020,4337.99335,,
RESDEN.INHAB.TFTE,WB: High income (July 2024),2021,4537.63676,,
RESDEN.INHAB.TFTE,WB: High income (July 2024),2022,4636.23795,,
RESDEN.INHAB.TFTE,WB: Low income (July 2024),2020,174.05964,,
RESDEN.INHAB.TFTE,WB: Low income (July 2024),2021,175.46857,,
RESDEN.INHAB.TFTE,WB: Low income (July 2024),2022,175.51119,,
RESDEN.INHAB.TFTE,WB: Lower middle income (July 2024),2020,264.73956,,
RESDEN.INHAB.TFTE,WB: Lower middle income (July 2024),2021,267.60726,,
RESDEN.INHAB.TFTE,WB: Lower middle income (July 2024),2022,271.67103,,
RESDEN.INHAB.TFTE,WB: Middle income (July 2024),2020,735.91346,,
RESDEN.INHAB.TFTE,WB: Middle income (July 2024),2021,759.37087,,
RESDEN.INHAB.TFTE,WB: Middle income (July 2024),2022,803.45987,,
RESDEN.INHAB.TFTE,WB: Upper middle income (July 2024),2020,1226.25724,,
RESDEN.INHAB.TFTE,WB: Upper middle income (July 2024),2021,1275.95928,,
RESDEN.INHAB.TFTE,WB: Upper middle income (July 2024),2022,1367.0996,,
RESDEN.INHAB.TFTE,WB: World,2020,1329.25236,,
RESDEN.INHAB.TFTE,WB: World,2021,1375.62666,,
RESDEN.INHAB.TFTE,WB: World,2022,1419.81205,,
RESDEN.INHAB.TFTE,ZAF,2020,459.98774,,
RESDEN.INHAB.TFTE,ZAF,2021,454.79773,,
RESDEN.INHAB.TFTE,ZAF,2022,444.16281,,